# Star names for the finder view, from the HYG database v4.1 (CC BY-SA 4.0, https://github.com/astronexus/HYG-Database). scripts/dev/pack_star_names.py
name,ra_deg,dec_deg,mag
Sirius,101.2872,-16.7161,-1.44
Canopus,95.9879,-52.6957,-0.62
Arcturus,213.9154,19.1824,-0.05
Rigil Kentaurus,219.9115,-60.834,-0.01
Vega,279.2346,38.7837,0.03
Capella,79.1723,45.998,0.08
Rigel,78.6345,-8.2016,0.18
Procyon,114.8255,5.225,0.4
Achernar,24.4283,-57.2368,0.45
Betelgeuse,88.7929,7.4071,0.45
Hadar,210.9559,-60.373,0.61
Altair,297.6958,8.8683,0.76
Acrux,186.6497,-63.0991,0.77
Aldebaran,68.9802,16.5093,0.87
Spica,201.2982,-11.1613,0.98
Antares,247.3519,-26.432,1.06
Pollux,116.3292,28.0262,1.16
Fomalhaut,344.4126,-29.6222,1.17
Mimosa,191.9304,-59.6888,1.25
Deneb,310.358,45.2803,1.25
Toliman,219.9052,-60.8383,1.35
Regulus,152.093,11.9672,1.36
Adhara,104.6565,-28.9721,1.5
Castor,113.6495,31.8883,1.58
Gacrux,187.7914,-57.1132,1.59
Shaula,263.4022,-37.1038,1.62
Bellatrix,81.2828,6.3497,1.64
Elnath,81.573,28.6075,1.65
Miaplacidus,138.3006,-69.7172,1.67
Alnilam,84.0534,-1.2019,1.69
Alnair,332.0581,-46.961,1.73
Alnitak,85.1897,-1.9426,1.74
γ² Vel,122.3831,-47.3366,1.75
Alioth,193.5071,55.9598,1.76
Mirfak,51.0807,49.8612,1.79
Kaus Australis,276.043,-34.3846,1.79
Dubhe,165.9323,61.751,1.81
Wezen,107.0979,-26.3932,1.83
Alkaid,206.8853,49.3133,1.85
Avior,125.6285,-59.5095,1.86
Sargas,264.3297,-42.9978,1.86
Menkalinan,89.8822,44.9474,1.9
Atria,252.1662,-69.0277,1.91
Alhena,99.4279,16.3993,1.93
Alsephina,131.1759,-54.7088,1.93
Peacock,306.4119,-56.7351,1.94
Polaris,37.9462,89.2641,1.97
Mirzam,95.6749,-17.9559,1.98
Alphard,141.8969,-8.6586,1.99
Hamal,31.7933,23.4624,2.01
Algieba,154.9931,19.8415,2.01
Diphda,10.8973,-17.9866,2.04
Nunki,283.8163,-26.2967,2.05
Menkent,211.6709,-36.37,2.06
Alpheratz,2.0969,29.0904,2.07
Mirach,17.4329,35.6206,2.07
Saiph,86.9391,-9.6696,2.07
Kochab,222.6766,74.1555,2.07
Tiaki,340.6667,-46.8846,2.07
Rasalhague,263.7336,12.56,2.08
Algol,47.0422,40.9556,2.09
Almach,30.9748,42.3297,2.1
Denebola,177.2649,14.5721,2.14
Cih,14.1771,60.7167,2.15
γ Cen,190.3796,-48.9599,2.2
Naos,120.8961,-40.0031,2.21
Aspidiske,139.2726,-59.2752,2.21
Alphecca,233.6719,26.7147,2.22
Suhail,136.999,-43.4326,2.23
Mizar,200.9812,54.9254,2.23
Sadr,305.5571,40.2567,2.23
Schedar,10.1267,56.5373,2.24
Eltanin,269.1516,51.4889,2.24
Mintaka,83.0017,-0.2991,2.25
Caph,2.2933,59.1498,2.28
ε Cen,204.9719,-53.4664,2.29
Dschubba,240.0834,-22.6217,2.29
Larawag,252.5412,-34.2932,2.29
α Lup,220.4823,-47.3882,2.3
η Cen,218.8768,-42.1578,2.33
Merak,165.4602,56.3824,2.34
Izar,221.2468,27.0742,2.35
Enif,326.0465,9.875,2.38
κ Sco,265.622,-39.03,2.39
Ankaa,6.5708,-42.306,2.4
Phecda,178.4575,53.6948,2.41
Sabik,257.5945,-15.7249,2.43
Scheat,345.9435,28.0828,2.44
Aludra,111.0238,-29.3031,2.45
Alderamin,319.6445,62.5856,2.45
Markeb,140.5284,-55.0107,2.47
Aljanah,311.5527,33.9703,2.48
Markab,346.1902,15.2053,2.49
Menkar,45.5699,4.0897,2.54
ζ Oph,249.2897,-10.5671,2.54
ζ Cen,208.885,-47.2884,2.55
Zosma,168.5271,20.5237,2.56
Acrab,241.3593,-19.8055,2.56
Arneb,83.1826,-17.8223,2.58
δ Cen,182.0897,-50.7224,2.58
Gienah,183.9516,-17.5419,2.58
Ascella,285.653,-29.8801,2.6
Zubeneschamali,229.2517,-9.3829,2.61
Unukalhai,236.067,6.4256,2.63
Sheratan,28.66,20.808,2.64
Phact,84.9123,-34.0741,2.65
Mahasim,89.9303,37.2126,2.65
Kraz,188.5968,-23.3968,2.65
Ruchbah,21.4532,60.2353,2.66
Muphrid,208.6712,18.3977,2.68
β Lup,224.6331,-43.134,2.68
Hassaleh,74.2484,33.1661,2.69
μ Vel,161.6923,-49.4203,2.69
α Mus,189.2961,-69.1356,2.69
Lesath,262.691,-37.2958,2.7
π Pup,109.2857,-37.0975,2.71
Kaus Media,275.2485,-29.8281,2.72
Tarazed,296.5649,10.6133,2.72
Yed Prior,243.5864,-3.6943,2.73
Athebyne,245.9979,61.5142,2.73
θ Car,160.7392,-64.3945,2.74
Porrima,190.4152,-1.4494,2.74
Hatysa,83.8583,-5.9099,2.75
ι Cen,200.1494,-36.7123,2.75
Zubenelgenubi,222.7197,-16.0418,2.75
Cebalrai,265.8681,4.5673,2.76
Cursa,76.9624,-5.0864,2.78
Kornephoros,247.555,21.4896,2.78
Rasalgethi,258.6619,14.3903,2.78
Imai,183.7864,-58.7489,2.79
Rastaban,262.6082,52.3014,2.79
γ Lup,233.7852,-41.1668,2.8
Nihal,82.0613,-20.7594,2.81
ζ Her,250.3217,31.6027,2.81
β Hyi,6.4187,-77.2542,2.82
Paikauhale,248.9706,-28.216,2.82
Kaus Borealis,276.9927,-25.4217,2.82
Algenib,3.309,15.1836,2.83
Tureis,121.8861,-24.3043,2.83
β TrA,238.7862,-63.4307,2.83
ζ Per,58.533,31.8836,2.84
β Ara,261.325,-55.5299,2.84
α Ara,262.9604,-49.8761,2.84
Alcyone,56.8712,24.1051,2.85
Vindemiatrix,195.5442,10.9591,2.85
Deneb Algedi,326.7602,-16.1273,2.85
Castor B,113.6524,31.8905,2.85
α Hyi,29.6918,-61.5699,2.86
Fawaris,296.2436,45.1308,2.86
Tejat,95.7401,22.5136,2.87
γ TrA,229.7277,-68.6795,2.87
α Tuc,334.6256,-60.2596,2.87
Acamar,44.5653,-40.3047,2.88
Albaldah,287.441,-21.0236,2.88
Gomeisa,111.7877,8.2893,2.89
Cor Caroli,194.0071,38.3184,2.89
Fang,239.713,-26.1141,2.89
ε Per,59.4635,40.0102,2.9
Alniyat,245.2971,-25.5928,2.9
Sadalsuud,322.8897,-5.5712,2.9
γ Per,46.1991,53.5064,2.91
υ Car,146.7755,-65.072,2.92
Matar,340.7506,30.2212,2.93
τ Pup,102.484,-50.6146,2.94
Algorab,187.4661,-16.5154,2.94
Sadalmelik,331.446,-0.3199,2.95
Zaurak,59.5074,-13.5085,2.97
Tianguan,84.4112,21.1425,2.97
Ras Elased Australis,146.4628,23.7743,2.97
Alnasl,271.452,-30.4241,2.98
γ Hya,199.7304,-23.1715,2.99
ι¹ Sco,266.8962,-40.127,2.99
Okab,286.3525,13.8635,2.99
β Tri,32.3859,34.9873,3.0
ψ UMa,167.4159,44.4985,3.0
Pherkad,230.1822,71.834,3.0
Xamidimura,252.9676,-38.0474,3.0
Aldhanab,328.4821,-37.3649,3.0
δ Per,55.7312,47.7876,3.01
Furud,95.0783,-30.0634,3.02
ο² CMa,105.7561,-23.8333,3.02
ε Crv,182.5312,-22.6198,3.02
Almaaz,75.4922,43.8233,3.03
β Mus,191.5702,-68.1081,3.04
Seginus,218.0195,38.3083,3.04
Albireo,292.6803,27.9597,3.05
Dabih,305.2528,-14.7814,3.05
Mebsuta,100.983,25.1311,3.06
Tania Australis,155.5823,41.4995,3.06
Altais,288.1384,67.6615,3.07
η Sgr,274.4069,-36.7617,3.1
ζ Hya,133.8485,5.9456,3.11
ν Hya,162.4062,-16.1936,3.11
λ Cen,173.9454,-63.0198,3.11
α Ind,309.3917,-47.2915,3.11
Wazn,87.7399,-35.7683,3.12
Talitha,134.8024,48.0418,3.12
ζ Ara,254.6551,-55.9901,3.12
Sarin,258.758,24.8392,3.12
κ Cen,224.7904,-42.1042,3.13
α Lyn,140.2639,34.3926,3.14
π Her,258.7618,36.8092,3.16
ν Pup,99.4403,-43.1959,3.17
θ UMa,143.2157,51.6773,3.17
Aldhibah,257.1967,65.7147,3.17
φ Sgr,281.4141,-26.9908,3.17
Haedus,76.6287,41.2345,3.18
α Cir,220.6274,-64.9751,3.18
Tabit,72.46,6.9613,3.19
ε Lep,76.3653,-22.371,3.19
κ Oph,254.4171,9.375,3.19
Fuyue,267.4645,-37.0433,3.19
ζ Cyg,318.2341,30.2269,3.21
Errai,354.8373,77.6323,3.21
δ Lup,230.343,-40.6475,3.22
Yed Posterior,244.5804,-4.6925,3.23
η Ser,275.3275,-2.8988,3.23
Alfirk,322.1649,70.5607,3.23
α Pic,102.0479,-61.9414,3.24
θ Aql,302.8262,-0.8215,3.24
σ Pup,112.3077,-43.3014,3.25
π Hya,211.5929,-26.6824,3.25
Brachium,226.0176,-25.282,3.25
Sulafat,284.7359,32.6896,3.25
γ Hyi,56.8094,-74.239,3.26
δ And,9.8319,30.861,3.27
θ Oph,260.5024,-24.9995,3.27
Skat,343.6626,-15.8208,3.27
μ Lep,78.2329,-16.2055,3.29
ω Car,153.4344,-70.0379,3.29
Edasich,231.2324,58.9661,3.29
α Dor,68.499,-55.045,3.3
Propus,93.7194,22.5068,3.31
γ Ara,261.3486,-56.3777,3.31
β Phe,16.5211,-46.7184,3.32
ρ Per,46.294,38.8403,3.32
Megrez,183.8563,57.0326,3.32
η Sco,258.0383,-43.2392,3.32
ν Oph,269.7566,-9.7736,3.32
τ Sgr,286.7351,-27.6704,3.32
α Ret,63.6061,-62.4739,3.33
Chertan,168.56,15.4296,3.33
Azmidi,117.3236,-24.8598,3.34
Segin,28.5988,63.6701,3.35
η Ori,81.1192,-2.3971,3.35
Alzirr,101.3224,12.8956,3.35
Muscida,127.5665,60.7182,3.35
δ Aql,291.3746,3.1148,3.36
ε Lup,230.6703,-44.6896,3.37
Ashlesha,131.6938,6.4188,3.38
Heze,203.6733,-0.5958,3.38
Meissa,83.7845,9.9342,3.39
Minelauva,193.9009,3.3975,3.39
ζ Cep,332.7136,58.2013,3.39
Chamukuy,67.1656,15.8709,3.4
γ Phe,22.0914,-43.3182,3.41
λ Tau,60.1701,12.4903,3.41
ν Cen,207.3762,-41.6877,3.41
ζ Lup,228.0714,-52.0992,3.41
η Cep,311.3222,61.8388,3.41
Homam,340.3655,10.8314,3.41
Mothallah,28.2704,29.5788,3.42
η Lup,240.0305,-38.3967,3.42
μ Her,266.6148,27.7207,3.42
β Pav,311.2397,-66.2032,3.42
Adhafera,154.1726,23.4173,3.43
λ Aql,286.5623,-4.8826,3.43
Tania Borealis,154.2743,42.9144,3.45
Achird,12.2739,57.8152,3.46
η Cet,17.1475,-10.1823,3.46
χ Car,119.1947,-52.9824,3.46
δ Boo,228.8756,33.3148,3.46
Kaffaljidhma,40.8252,3.2358,3.47
μ Cen,207.4041,-42.4737,3.47
η Leo,151.8331,16.7627,3.48
η Her,250.724,38.9223,3.48
τ Cet,26.0172,-15.9375,3.49
Nganurganity,105.4298,-27.9348,3.49
Alula Borealis,169.6197,33.0943,3.49
Nekkar,225.4865,40.3906,3.49
α Tel,276.7434,-45.9685,3.49
ε Gru,342.1386,-51.3169,3.49
κ CMa,102.4602,-32.5085,3.5
Wasat,110.0307,21.9823,3.5
ι Cep,342.4203,66.2004,3.5
γ Sge,299.6893,19.4921,3.51
Sadalbari,342.5008,24.6016,3.51
Rana,55.8121,-9.7634,3.52
Subra,145.2876,9.8923,3.52
φ Vel,149.2156,-54.5678,3.52
Sheliak,282.52,33.3627,3.52
ξ² Sgr,284.4325,-21.1067,3.52
Biham,332.5499,6.1979,3.52
γ Vir,190.4126,-1.4492,3.52
Ain,67.1541,19.1804,3.53
Tarf,124.1288,9.1855,3.53
ξ Hya,173.2506,-31.8576,3.54
μ Ser,237.405,-3.4302,3.54
ξ Ser,264.3967,-15.3986,3.54
υ⁴ Eri,64.4736,-33.7983,3.55
ζ Lep,86.7389,-14.8219,3.55
ι Lup,214.8509,-46.0581,3.55
χ Dra,275.261,72.7328,3.55
δ Pav,302.1774,-66.1821,3.55
ι Cet,4.857,-8.8239,3.56
φ Eri,34.1273,-51.5122,3.56
δ Crt,169.8352,-14.7785,3.56
Pipirima,253.0839,-38.0175,3.56
κ Gem,116.1119,24.398,3.57
Alkaphrah,135.9064,47.1565,3.57
ρ Boo,217.9575,30.3714,3.57
φ¹ Lup,230.4516,-36.2614,3.57
λ Gem,109.5232,16.5404,3.58
Algedi,304.5136,-12.5449,3.58
Nembus,24.4981,48.6282,3.59
τ Ori,79.4016,-6.8444,3.59
γ Lep,86.1159,-22.4484,3.59
Zavijava,177.6738,1.7647,3.59
Ginan,185.3405,-60.4011,3.59
θ Cet,21.0058,-8.1833,3.6
θ Gem,103.1972,33.9613,3.6
ο Vel,130.0733,-52.9219,3.6
ψ Vel,142.6751,-40.4668,3.6
υ Lib,234.256,-28.1351,3.6
δ Ara,262.7748,-60.6838,3.6
Bharani,42.4959,27.2605,3.61
ο Tau,51.2033,9.0289,3.61
λ Hya,152.647,-12.3541,3.61
δ Mus,195.5664,-71.5489,3.61
η Pav,266.4333,-64.7239,3.61
Alpherg,22.8709,15.3458,3.62
Atlas,57.2906,24.0534,3.62
ζ² Sco,253.646,-42.3613,3.62
ο And,345.4803,42.326,3.62
λ Mus,176.4021,-66.7288,3.63
Rotanev,309.3872,14.5951,3.64
Prima Hyadum,64.9483,15.6276,3.65
23 UMa,142.8818,63.0619,3.65
β Ser,236.5469,15.4218,3.65
θ Ara,271.6578,-50.0915,3.65
ζ¹ Aqr,337.208,-0.02,3.65
Nusakan,231.9573,29.1057,3.66
τ Lib,234.6641,-29.7778,3.66
Thuban,211.0975,64.3758,3.67
β Ind,313.7025,-58.4542,3.67
π⁴ Ori,72.8015,5.6051,3.68
α Pyx,130.8981,-33.1864,3.68
δ Sge,296.8469,18.5343,3.68
88 Aqr,347.3616,-21.1724,3.68
Fulu,9.2428,53.8969,3.69
χ Eri,28.9885,-51.6089,3.69
Saclateni,75.6195,41.0758,3.69
Taiyangshou,176.5127,47.7794,3.69
Nashira,325.0227,-16.6623,3.69
τ⁴ Eri,49.8792,-21.7579,3.7
ξ Her,269.4412,29.2479,3.7
γ Psc,349.2914,3.2823,3.7
π⁵ Ori,73.5629,2.4407,3.71
η Lep,89.1012,-14.1677,3.71
ε Ser,237.704,4.4777,3.71
72 Oph,271.8374,9.5638,3.71
Alshain,298.8283,6.4068,3.71
Ran,53.2327,-9.4583,3.72
Electra,56.2189,24.1133,3.72
δ Aur,89.8817,54.2847,3.72
ξ Cyg,316.2328,43.9279,3.72
ξ Tau,51.7923,9.7327,3.73
109 Vir,221.5622,1.8929,3.73
Grumium,268.382,56.8726,3.73
ν Oct,325.3688,-77.39,3.73
λ Aqr,343.1536,-7.5796,3.73
Baten Kaitos,27.8651,-10.335,3.74
γ Her,245.4801,19.1531,3.74
τ Cyg,318.6978,38.0453,3.74
γ Oph,266.9732,2.7073,3.75
β Dor,83.4063,-62.4898,3.76
δ Lep,87.8304,-20.8791,3.76
β Mon,97.2045,-7.0331,3.76
ο Sgr,286.1707,-21.7415,3.76
ι² Cyg,292.4265,51.7298,3.76
α Lac,337.8227,50.2825,3.76
Miram,42.6742,55.8955,3.77
ν Per,56.2985,42.5785,3.77
Secunda Hyadum,65.7337,17.5425,3.77
σ Ori,84.6865,-2.6001,3.77
β Vol,126.4343,-66.1369,3.77
η Ara,252.4464,-59.0414,3.77
Sualocin,309.9095,15.9121,3.77
ζ Cap,321.6668,-22.4113,3.77
ι Peg,331.7527,25.3451,3.77
γ² Vol,107.1868,-70.4989,3.78
ι Gem,111.4317,27.7981,3.78
υ UMa,147.748,59.0387,3.78
ζ Boo,220.2873,13.7283,3.78
Albali,311.919,-9.4958,3.78
Misam,47.3739,44.8575,3.79
Praecipua,163.3279,34.2149,3.79
Dalim,48.0187,-28.9876,3.8
δ Ser,233.7006,10.5389,3.8
κ Cyg,289.2756,53.3685,3.8
31 Cyg,303.4079,46.7413,3.8
Theemin,68.8877,-30.5623,3.81
γ CrB,235.6857,26.2956,3.81
λ And,354.3908,46.4582,3.81
Alrescha,30.5118,2.7638,3.82
38 Lyn,139.711,36.8026,3.82
Giausar,172.8511,69.3311,3.82
Marfik,247.7284,1.9839,3.82
ι Her,264.8662,46.0063,3.82
μ Hya,156.5226,-16.8363,3.83
φ Cen,209.5678,-42.1008,3.83
α Aps,221.9655,-79.0448,3.83
β Ret,56.0489,-64.8069,3.84
Atik,56.0797,32.2882,3.84
θ¹ Tau,67.1437,15.9622,3.84
ρ Leo,158.2028,9.3066,3.84
γ Mus,188.117,-72.133,3.84
ο Her,271.8856,28.7625,3.84
Polis,273.4409,-21.0588,3.84
ε Dra,297.0428,70.2679,3.84
α Hor,63.5004,-42.2944,3.85
β Pic,86.8212,-51.0665,3.85
δ Col,95.5285,-33.4364,3.85
κ Dra,188.3709,69.7882,3.85
τ Cen,189.4259,-48.5413,3.85
γ Ser,239.1132,15.6616,3.85
109 Her,275.9245,21.7698,3.85
α Sct,278.8018,-8.2441,3.85
μ And,14.1883,38.4993,3.86
Sceptrum,69.5451,-14.304,3.86
ε Col,82.8031,-35.4705,3.86
δ TrA,243.8595,-63.6857,3.86
γ Aps,248.3641,-78.8971,3.86
θ Her,269.0633,37.2505,3.86
Sadachbia,335.4141,-1.3873,3.86
Maia,56.4567,24.3677,3.87
υ¹ Cen,209.6698,-44.8036,3.87
μ Vir,220.7651,-5.6582,3.87
Iklil,239.2212,-29.2141,3.87
η Aql,298.1182,1.0057,3.87
ε Phe,2.3525,-45.7474,3.88
Mesarthim,28.3825,19.2939,3.88
Rasalas,148.191,26.007,3.88
κ¹ Lup,227.9838,-48.7378,3.88
ι Gru,347.5896,-45.2467,3.88
Azha,44.1069,-8.8981,3.89
ο¹ CMa,103.5331,-24.1842,3.89
θ Hya,138.5911,2.3143,3.89
Zaniah,184.9765,-0.6668,3.89
η Cyg,299.0766,35.0834,3.89
Ukdah,144.964,-1.1428,3.9
π Cen,170.2518,-54.491,3.9
ν Tau,60.7891,5.9893,3.91
σ Cen,187.01,-50.2306,3.91
π Lup,226.2795,-47.0512,3.91
Zubenelhakrabi,233.8816,-14.7895,3.91
τ Her,244.9352,46.3134,3.91
ε Her,255.0724,30.9264,3.92
ρ¹ Sgr,290.4182,-17.8472,3.92
Kitalpha,318.956,5.2478,3.92
κ Phe,6.5507,-43.6798,3.93
δ Phe,22.8128,-49.0727,3.93
τ Per,43.5644,52.7625,3.93
ν Eri,69.0798,-3.3525,3.93
ζ Vol,115.4551,-72.6061,3.93
ω¹ Sco,241.7018,-20.6692,3.93
67 Oph,270.1613,2.9316,3.93
Wurren,17.0961,-55.2458,3.94
α Mon,115.3118,-9.5511,3.94
3 Pup,115.9519,-28.9548,3.94
Asellus Australis,131.1712,18.1543,3.94
ν Cyg,314.2934,41.1671,3.94
50 Cas,30.859,72.4213,3.95
ν² CMa,99.171,-19.2559,3.95
ζ UMa,200.9849,54.9205,3.95
48 Per,62.1654,47.7125,3.96
η Col,89.7867,-42.8151,3.96
Arkab Prior,290.6595,-44.459,3.96
Rukbat,290.9715,-40.6159,3.96
32 Cyg,303.868,47.7142,3.96
98 Aqr,350.7426,-20.1006,3.96
Beemim,66.0092,-34.0168,3.97
ν Aur,87.8725,39.1485,3.97
δ Vol,109.2076,-67.9572,3.97
β Pyx,130.0256,-35.3084,3.97
ρ Cen,182.913,-52.3685,3.97
χ Lup,237.7397,-33.6272,3.97
ε Pav,300.1477,-72.9105,3.97
δ¹ Gru,337.3174,-43.4956,3.97
λ Peg,341.6328,23.5657,3.97
Menkib,59.7412,35.791,3.98
ρ Cyg,323.4952,45.5918,3.98
υ Cet,30.0013,-21.0778,3.99
γ Mon,93.7139,-6.2748,3.99
Alcor,201.3062,54.988,3.99
γ Tuc,349.3575,-58.2357,3.99
α Vol,135.6117,-66.3961,4.0
ι Leo,170.981,10.5295,4.0
Jabbah,242.9989,-19.4607,4.0
φ Per,25.9151,50.6887,4.01
μ Eri,71.3756,-3.2547,4.01
Mekbuda,106.0272,20.5703,4.01
ω CMa,108.7027,-26.7727,4.01
θ Dra,240.473,58.5653,4.01
γ² Nor,244.9603,-50.1555,4.01
ζ Pav,280.7589,-71.4281,4.01
41 Cyg,307.3489,30.3686,4.01
γ Pyx,132.6331,-27.7098,4.02
Alchiba,182.1034,-24.7289,4.02
ε Aql,284.9057,15.0683,4.02
12 Aql,285.4201,-5.7391,4.02
γ Tri,34.3286,33.8472,4.03
β Cam,75.8545,60.4422,4.03
ι Cnc,131.6743,28.7599,4.03
μ¹ Cru,193.6485,-57.1779,4.03
70 Oph,271.3637,2.5001,4.03
Aldulfin,308.3032,11.3033,4.03
ω Psc,359.8279,6.8633,4.03
Beid,62.9664,-6.8376,4.04
ν Vir,176.4648,6.5294,4.04
θ Boo,216.2995,51.8507,4.04
η Aqr,338.8391,-0.1175,4.04
ι Per,47.2651,49.6133,4.05
α Cha,124.6305,-76.9197,4.05
σ Leo,170.2841,6.0293,4.05
υ Boo,207.3693,15.7979,4.05
ψ Cen,215.1393,-37.8853,4.05
ρ Lup,219.4718,-49.4258,4.05
τ² Aqr,342.3979,-13.5926,4.05
ο² Ori,74.0928,13.5145,4.06
υ Gem,113.9806,26.8957,4.06
γ Crt,171.2205,-17.684,4.06
ε Mus,184.3938,-67.9607,4.06
ζ Cru,184.6095,-64.0031,4.06
ε¹ Ara,254.896,-53.1604,4.06
Syrma,214.0036,-6.0005,4.07
λ Lup,227.2109,-45.2799,4.07
β Cir,229.3788,-58.8012,4.07
δ Cep,337.2927,58.4152,4.07
ζ And,11.8347,24.2672,4.08
δ Hyi,35.4375,-68.6594,4.08
δ Cet,39.8707,0.3285,4.08
τ³ Eri,45.5979,-23.6245,4.08
θ CMa,103.5475,-12.0386,4.08
Alkes,164.9437,-18.2988,4.08
13 Lyr,283.8337,43.9461,4.08
θ Cap,316.4868,-17.2329,4.08
1 Peg,320.5217,19.8045,4.08
φ² Ori,84.2266,9.2907,4.09
Gudja,237.1849,18.1416,4.09
Titawin,24.1995,41.4055,4.1
θ Per,41.0495,49.2284,4.1
ζ Tel,277.2076,-49.0706,4.1
β CrA,287.5073,-39.3408,4.1
ι Eri,40.1667,-39.8554,4.11
Muliphein,105.9396,-15.6333,4.11
Zhang,147.8696,-14.8466,4.11
γ Cha,158.8675,-78.6078,4.11
ε TrA,234.18,-66.317,4.11
Meridiana,287.368,-37.9045,4.11
ζ Gru,345.2202,-52.7541,4.11
ε Hyi,39.897,-68.2669,4.12
μ Per,63.7244,48.4093,4.12
μ Ori,90.5958,9.6473,4.12
ο Vir,181.3023,8.733,4.12
ι Sgr,298.8154,-41.8683,4.12
ω Cap,312.9554,-26.9191,4.12
δ² Gru,337.4393,-43.7492,4.12
29 Ori,80.9868,-7.8081,4.13
ν Gem,97.2408,20.2121,4.13
θ Lib,238.4564,-16.7293,4.13
ψ Cap,311.5239,-25.2709,4.13
β Oct,341.5154,-81.3816,4.13
ι Psc,354.9877,5.6263,4.13
5 Tau,52.7182,12.9367,4.14
Merope,56.5816,23.9484,4.14
δ Hya,129.414,5.7038,4.14
η Cru,181.7203,-64.6137,4.14
θ CrB,233.2324,31.3591,4.14
ε CrB,239.3969,26.8779,4.14
κ Peg,326.1614,25.645,4.14
1 Lac,333.9924,37.7487,4.14
δ Mon,107.9661,-0.4928,4.15
ρ Her,260.9206,37.1459,4.15
κ And,355.102,44.3339,4.15
1 Gem,91.0301,23.2633,4.16
ρ Gem,112.2779,31.7845,4.16
44 Oph,261.5926,-24.1753,4.16
κ Cas,8.25,62.9318,4.17
Ancha,334.2085,-7.7833,4.17
Kang,213.2239,-10.2737,4.18
Xuange,214.0961,46.0883,4.18
ε Cep,333.7582,57.0436,4.18
ε PsA,340.1639,-27.0436,4.18
2 Cen,207.3614,-34.4508,4.19
110 Her,281.4155,20.5463,4.19
32 Ori,82.696,5.9481,4.2
11 Pup,119.2148,-22.8801,4.2
β LMi,156.9709,36.7072,4.2
σ Her,248.5258,42.437,4.2
ξ Peg,341.6732,12.1729,4.2
δ PsA,343.9871,-32.5396,4.2
κ¹ Tau,66.3423,22.2939,4.21
ε UMi,251.4924,82.0373,4.21
θ Cep,307.3952,62.9941,4.21
γ Pav,321.6106,-65.3662,4.21
16 Per,42.6459,38.3186,4.22
τ⁶ Eri,56.7121,-23.2497,4.22
θ Lup,241.6481,-36.8023,4.22
χ Oph,246.756,-18.4563,4.22
φ Dra,275.1893,71.3378,4.22
β Sct,281.7936,-4.7479,4.22
λ Pav,283.0543,-62.1876,4.22
δ² Lyr,283.6262,36.8986,4.22
52 Cyg,311.4156,30.7197,4.22
σ Cyg,319.354,39.3947,4.22
φ Aqr,348.5807,-6.049,4.22
ζ Tuc,5.0121,-64.8748,4.23
σ Gem,115.828,28.8835,4.23
β Com,197.9686,27.8782,4.23
1 Cen,206.4221,-33.0437,4.23
τ Vir,210.4116,1.5445,4.23
φ Her,242.1924,44.9349,4.23
β Aps,250.7719,-77.5174,4.23
γ CrA,286.6046,-37.0634,4.23
μ Cep,325.8769,58.78,4.23
π² Cyg,326.6984,49.3096,4.23
κ Eri,36.7463,-47.7038,4.24
π Cet,41.0306,-13.8587,4.24
β Cha,184.5872,-79.3122,4.24
Chara,188.4362,41.3575,4.24
ο Ser,265.3536,-12.8753,4.24
ψ¹ Aqr,348.9729,-9.0877,4.24
κ Tuc,18.9406,-68.8759,4.25
λ Per,61.646,50.3513,4.25
88 Tau,68.9136,10.1608,4.25
58 Per,69.1726,41.2648,4.25
λ Eri,77.2866,-8.7541,4.25
Alsciaukat,125.7088,43.1881,4.25
5 UMi,216.8814,75.696,4.25
ν Cep,326.3622,61.1208,4.25
φ And,17.3755,47.2418,4.26
Torcular,26.3485,9.1577,4.26
82 G. Eri,49.9792,-43.0698,4.26
τ⁵ Eri,53.447,-21.6329,4.26
γ Dor,64.0065,-51.4866,4.26
α Cam,73.5125,66.3427,4.26
Acubens,134.6218,11.8577,4.26
95 Her,270.3767,21.5958,4.26
Kurhah,330.947,64.628,4.26
ε Psc,15.7359,7.8901,4.27
μ Cet,41.2356,10.1141,4.27
μ Tau,63.8836,8.8924,4.27
90 Tau,69.5394,12.5108,4.27
τ Tau,70.5613,22.9569,4.27
ξ² Cen,196.7277,-49.9062,4.27
μ Lup,229.6335,-47.8753,4.27
Arkab Posterior,290.8046,-44.7998,4.27
γ² Del,311.6646,16.1243,4.27
θ Psc,351.9921,6.379,4.27
υ Tau,66.5769,22.8136,4.28
α Ant,156.7879,-31.0678,4.28
45 Oph,261.8386,-29.867,4.28
33 Cyg,303.3493,56.5677,4.28
ι Cap,320.5616,-16.8345,4.28
π² Peg,332.4969,33.1782,4.28
θ Gru,346.7198,-43.5204,4.28
10 Tau,54.2183,0.4017,4.29
λ Lep,79.8939,-13.1768,4.29
β Hya,178.2272,-33.9081,4.29
ζ UMi,236.0145,77.7945,4.29
φ Oph,247.7849,-16.6127,4.29
ι Aqr,331.6093,-13.8697,4.29
β PsA,337.8764,-32.3461,4.29
ι And,354.5342,43.2681,4.29
α Scl,14.6515,-29.3574,4.3
ξ² Cet,37.0398,8.4601,4.3
Taygeta,56.3021,24.4673,4.3
δ³ Tau,66.3724,17.9279,4.3
π Aur,89.9838,45.9367,4.3
η Hya,130.8062,3.3987,4.3
54 Leo,163.9033,24.7497,4.3
υ Leo,174.2372,-0.8237,4.3
η Crv,188.0176,-16.196,4.3
α¹ Cap,304.4119,-12.5082,4.3
δ Oct,216.732,-83.6679,4.31
Alkalurops,231.1227,37.3772,4.31
ω² Sco,241.8514,-20.8688,4.31
71 Aql,309.5845,-1.1051,4.31
ψ Per,54.1224,48.1926,4.32
54 Eri,70.1105,-19.6715,4.32
119 Tau,83.0531,18.5942,4.32
κ Aur,93.8446,29.4981,4.32
12 Hya,131.5939,-13.5477,4.32
Alterf,142.9301,22.968,4.32
θ¹ Cru,180.7567,-63.3129,4.32
Diadem,197.497,17.5294,4.32
3 Cen,207.9567,-32.9941,4.32
ο Lup,222.9096,-43.5754,4.32
ν Ser,260.2069,-12.8469,4.32
γ CMi,112.0408,8.9255,4.33
τ² Lup,216.545,-45.3793,4.33
Guniibuu,258.8375,-26.6028,4.33
π Pav,272.145,-63.6686,4.33
κ Lyr,274.9655,36.0645,4.33
Alula Australis,169.5468,31.5288,4.33
π And,9.2202,33.7193,4.34
ε And,9.639,29.3118,4.34
θ Cas,17.7753,55.1499,4.34
δ Dor,86.1933,-65.7355,4.34
ξ¹ CMa,97.964,-23.4184,4.34
θ Cha,125.1617,-77.4845,4.34
υ² Cen,210.4312,-45.6034,4.34
ω Lup,234.5135,-42.5673,4.34
σ Oph,261.6287,4.1404,4.34
ζ¹ Lyr,281.1931,37.6051,4.34
111 Her,281.7553,18.1815,4.34
9 Peg,326.1279,17.35,4.34
5 Lac,337.3826,47.7069,4.34
Botein,47.9073,19.7267,4.35
π² Ori,72.653,8.9002,4.35
15 Lyn,104.3192,58.4228,4.35
ε Vol,121.9826,-68.6171,4.35
ρ Hya,132.1082,5.8378,4.35
γ Com,186.7345,28.2684,4.35
2 Lup,229.4577,-30.1487,4.35
Yildun,263.0538,86.5865,4.35
ξ Pav,275.8068,-61.4939,4.35
θ Lyr,289.0921,38.1337,4.35
ι PsA,326.2367,-33.0258,4.35
β¹ Tuc,7.8859,-62.9582,4.36
η Phe,10.8385,-57.4631,4.36
ξ¹ Cet,33.25,8.8467,4.36
σ Per,52.6437,47.9952,4.36
37 Tau,61.1738,22.0819,4.36
ω Eri,73.2236,-5.4527,4.36
κ Lep,78.3078,-12.9413,4.36
γ Col,89.3842,-35.2833,4.36
ι CMa,104.0343,-17.0542,4.36
ζ Mon,122.1485,-2.9838,4.36
χ Cen,211.5115,-41.1796,4.36
ι Aql,294.1803,-1.2866,4.36
30 Psc,0.4901,-6.0141,4.37
κ Col,94.1381,-35.1405,4.37
τ CMa,109.677,-24.9544,4.37
102 Her,272.1895,20.8146,4.37
θ¹ Sgr,299.9341,-35.2763,4.37
θ Vir,197.4875,-5.539,4.38
κ Cep,302.2222,77.7114,4.38
99 Aqr,351.5116,-20.642,4.38
β Scl,353.2427,-37.8183,4.38
ψ Phe,28.4115,-46.3027,4.39
φ¹ Ori,83.7052,9.4896,4.39
χ¹ Ori,88.5958,20.2762,4.39
ε Mon,95.942,4.5929,4.39
31 Leo,151.9761,9.9975,4.39
110 Vir,225.7252,2.0913,4.39
ι Oph,253.502,10.1654,4.39
ξ Oph,260.2515,-21.1129,4.39
Sham,295.0241,18.0139,4.39
β Sge,295.2622,17.476,4.39
θ Ind,319.9664,-53.4494,4.39
η And,14.3017,23.4176,4.4
ο Pup,117.0215,-25.9372,4.4
16 Pup,122.2568,-19.245,4.4
κ Pav,284.2377,-67.2335,4.4
δ Ind,329.4794,-54.9926,4.4
τ Gem,107.7849,30.2452,4.41
Maasym,262.6846,26.1106,4.41
ν Her,269.6256,30.1893,4.41
υ Cyg,319.4795,34.8969,4.41
π Cep,346.9743,75.3875,4.41
ψ² Aqr,349.4759,-9.1825,4.41
γ Scl,349.706,-32.532,4.41
ν Ori,91.893,14.7685,4.42
ν³ CMa,99.4726,-18.2375,4.42
27 CMa,108.5634,-26.3525,4.42
60 Leo,165.5824,20.1798,4.42
58 Hya,222.5722,-27.9604,4.42
λ Ser,236.6109,7.3531,4.42
68 Oph,270.4383,1.3051,4.42
β Lac,335.8901,52.229,4.42
Alkarab,351.3449,23.4041,4.42
π Eri,56.5356,-12.1016,4.43
Keid,63.8181,-7.6529,4.43
7 Cam,74.3217,53.7521,4.43
Aladfar,288.4395,39.146,4.43
62 Sgr,300.6645,-27.7098,4.43
39 Cyg,305.9651,32.1902,4.43
δ Del,310.8647,15.0746,4.43
3 Aqr,311.9343,-5.0277,4.43
7 Cet,3.6601,-18.9329,4.44
δ Psc,12.1706,7.5851,4.44
ε Ret,64.1211,-59.3022,4.44
α Cae,70.1406,-41.8638,4.44
2 Lyn,94.9058,59.011,4.44
σ Lup,218.1544,-50.4572,4.44
Anser,292.1764,24.6649,4.44
ν Psc,25.3579,5.4876,4.45
β For,42.2725,-32.4059,4.45
ι Lep,78.0746,-11.8692,4.45
ξ Ori,92.985,14.2088,4.45
Minchir,129.6893,3.3414,4.45
δ² Cha,161.4463,-80.5402,4.45
φ Leo,169.1654,-3.6516,4.45
ω Oph,248.0342,-21.4664,4.45
τ Dra,288.8884,73.3555,4.45
μ Aql,293.5223,7.3789,4.45
ι Cas,37.2666,67.4025,4.46
32 Eri,58.5729,-2.9547,4.46
ρ Ori,78.3228,2.8613,4.46
15 UMa,137.2179,51.6046,4.46
β Crt,167.9145,-22.8258,4.46
ε Nor,246.796,-47.5548,4.46
γ PsA,343.1314,-32.8755,4.46
τ¹ Eri,41.2757,-18.5726,4.47
π⁶ Ori,74.6371,1.714,4.47
λ CMa,97.0425,-32.5801,4.47
13 Mon,98.2259,7.333,4.47
κ Leo,141.1636,26.1823,4.47
26 UMa,143.7061,52.0515,4.47
σ Boo,218.67,29.7451,4.47
16 Lib,224.2958,-4.3465,4.47
δ Equ,318.6201,10.007,4.47
λ Gru,331.5287,-39.5434,4.47
ο Cas,11.1813,48.2844,4.48
γ Ret,60.2242,-62.1593,4.48
71 Tau,66.5864,15.6183,4.48
18 Mon,101.9652,2.4122,4.48
α Sex,151.9845,-0.3716,4.48
γ Cir,230.8444,-59.3208,4.48
ψ Oph,246.0258,-20.0373,4.48
Fumalsamakah,345.9692,3.82,4.48
86 Aqr,346.6702,-23.7431,4.48
48 Cas,30.4897,70.907,4.49
υ¹ Eri,68.3773,-29.7665,4.49
30 Gem,100.9971,13.228,4.49
21 LMi,151.8573,35.2447,4.49
π¹ Boo,220.1815,16.4183,4.49
θ Cyg,294.1106,50.2211,4.49
24 Cap,316.782,-25.0059,4.49
μ¹ Cyg,326.0357,28.7426,4.49
λ Psc,355.5117,1.78,4.49
ω² Aqr,355.6806,-14.5449,4.49
ε Tuc,359.9789,-65.5771,4.49
ω Ori,84.7964,4.1215,4.5
γ Pic,87.4568,-56.1667,4.5
93 Leo,176.9964,20.2189,4.5
τ Boo,206.8157,17.4569,4.5
23 Vul,303.9422,27.8142,4.5
ν Aqr,317.3985,-11.3717,4.5
36 Cap,322.1808,-21.8072,4.5
μ PsA,332.0958,-32.9885,4.5
11 Lac,340.1285,44.2763,4.5
σ And,4.5819,36.7852,4.51
τ Psc,17.9151,30.0896,4.51
τ Aur,87.2935,39.1811,4.51
ε Ant,142.3113,-35.9513,4.51
ι Ser,235.3877,19.6704,4.51
ρ Dra,300.7044,67.8736,4.51
η Ind,311.0095,-51.921,4.51
ε Cap,324.2701,-19.466,4.51
δ Tuc,336.833,-64.9664,4.51
ρ Cas,358.596,57.4994,4.51
Lilii Borea,41.9772,29.2471,4.52
Khambalia,214.7775,-13.3711,4.52
ψ Boo,226.1115,26.9476,4.52
ε Tel,272.8074,-45.9544,4.52
υ Sgr,290.4318,-15.955,4.52
2 Peg,322.4871,23.6388,4.52
6 Lac,337.6219,43.1234,4.52
β² Tuc,7.8892,-62.9656,4.53
ν And,12.4535,41.0789,4.53
κ² Boo,213.3708,51.79,4.53
3 Sgr,266.8901,-27.8308,4.53
λ Cyg,311.8522,36.4907,4.53
7 And,348.1374,49.4062,4.53
16 Aur,79.544,33.3716,4.54
ξ² CMa,98.7641,-22.9648,4.54
τ² Hya,142.9955,-1.1847,4.54
10 LMi,143.5558,36.3976,4.54
24 UMa,143.6205,69.8303,4.54
ξ Boo,222.8474,19.1005,4.54
ι¹ Lib,228.0554,-19.7917,4.54
φ² Lup,230.789,-36.8585,4.54
59 Sgr,299.2368,-27.1699,4.54
55 Peg,346.7511,9.4095,4.54
70 Peg,352.2887,12.7606,4.54
2 Cet,0.935,-17.336,4.55
γ¹ Cae,76.1016,-35.483,4.55
6 CMi,112.4491,12.0066,4.55
φ UMa,148.0265,54.0643,4.55
ο Sco,245.1591,-24.1693,4.55
11 Cep,325.4798,71.3114,4.55
2 Lac,335.2564,46.5366,4.55
4 Lac,336.1291,49.4764,4.55
17 Per,42.8785,35.0597,4.56
δ Ret,59.6864,-61.4002,4.56
136 Tau,88.3319,27.6123,4.56
72 Leo,168.801,23.0955,4.56
τ¹ Lup,216.5343,-45.2214,4.56
σ Ara,263.915,-46.5057,4.56
31 Vul,313.032,27.097,4.56
63 Cyg,316.6504,47.6484,4.56
Cujam,246.354,14.0333,4.57
ρ Oph,246.3963,-23.4472,4.57
Dziban,265.4847,72.1488,4.57
113 Her,283.687,22.6451,4.57
δ CrA,287.0873,-40.4967,4.57
13 Vul,298.3654,24.0796,4.57
42 Ori,83.8465,-4.8384,4.58
10 Dra,207.8581,64.7233,4.58
13 Sco,243.0759,-27.9264,4.58
μ Oph,264.4613,-8.1188,4.58
Salm,350.1593,23.7403,4.58
μ Phe,10.3315,-46.085,4.59
γ Cam,57.5895,71.3323,4.59
ψ² Ori,81.7093,3.0957,4.59
π² UMa,130.0536,64.3279,4.59
τ¹ Hya,142.2871,-2.769,4.59
δ CrB,237.3986,26.0684,4.59
2 Sco,238.403,-25.3271,4.59
ε² Lyr,281.0949,39.6127,4.59
52 Sgr,294.1768,-24.8836,4.59
δ Scl,357.2314,-28.1303,4.59
υ² Hya,151.2811,-13.0646,4.6
ι Ant,164.1793,-37.1378,4.6
ο Boo,221.3103,16.9643,4.6
χ Her,238.1685,42.4515,4.6
π Dra,290.167,65.7145,4.6
33 Psc,1.3339,-5.7076,4.61
θ And,4.2729,38.6816,4.61
ξ Psc,28.389,3.1875,4.61
ω Per,47.8224,39.6116,4.61
21 Lyn,111.6786,49.2115,4.61
37 Lib,233.5446,-10.0645,4.61
47 Cyg,308.4758,35.2509,4.61
Castula,14.1665,59.1811,4.62
τ⁹ Eri,59.9812,-24.0162,4.62
ι Tau,75.7739,21.59,4.62
υ Ori,82.9827,-7.3015,4.62
κ Pyx,137.012,-25.8585,4.62
χ Leo,166.2543,7.336,4.62
λ Cru,193.6633,-59.1467,4.62
υ Oph,246.9508,-8.3717,4.62
ζ Ser,270.1209,-3.6903,4.62
θ CrA,278.3757,-42.3125,4.62
Alya,284.0549,4.2036,4.62
ε Ari,44.803,21.3404,4.63
1 Pup,115.8849,-28.4109,4.63
83 UMa,205.1845,54.6816,4.63
1 Sco,237.7448,-25.7513,4.63
ι¹ Nor,240.884,-57.7751,4.63
ν Pav,277.8434,-62.2783,4.63
ο Dra,282.8002,59.3884,4.63
ψ Peg,359.4397,25.1414,4.63
τ⁸ Eri,58.4279,-24.6122,4.64
π¹ Ori,73.7239,10.1508,4.64
χ² Ori,90.9799,20.1385,4.64
ζ¹ CrB,234.8445,36.6358,4.64
20 Oph,252.4584,-10.783,4.64
69 Her,259.4178,37.2915,4.64
71 Oph,271.8265,8.7339,4.64
ν Aql,291.6295,0.3386,4.64
ζ Del,308.8272,14.6742,4.64
9 Lac,339.3435,51.5451,4.64
3 And,346.0455,50.0521,4.64
35 Ari,40.863,27.7071,4.65
ρ Tau,68.4621,14.8444,4.65
11 Ori,76.1423,15.4041,4.65
π Vir,180.2183,6.6143,4.65
η Nor,240.8037,-49.2297,4.65
χ Psc,17.8634,21.0346,4.66
χ Cet,27.3963,-10.6864,4.66
15 Mon,100.2444,9.8958,4.66
π CMa,103.906,-20.1365,4.66
Asellus Borealis,130.8215,21.4685,4.66
ω UMa,163.4947,43.19,4.66
χ Vir,189.8115,-7.9956,4.66
ψ¹ Lup,234.9416,-34.4119,4.66
γ¹ Sgr,271.2551,-29.5801,4.66
ζ Sct,275.9149,-8.9344,4.66
15 Vul,300.2752,27.7536,4.66
φ Psc,18.4373,24.5837,4.67
34 Per,52.3418,49.5089,4.67
52 Per,63.7221,40.4837,4.67
σ² Tau,69.8187,15.918,4.67
θ Lep,91.5388,-14.9353,4.67
Tegmine,123.053,17.6478,4.67
τ UMa,137.7291,63.5136,4.67
93 Her,270.0142,16.7509,4.67
γ Sct,277.2994,-14.5658,4.67
ε¹ Lyr,281.0848,39.6701,4.67
Alsafi,293.0872,69.6612,4.67
γ Mic,315.3228,-32.2578,4.67
χ Cas,23.4829,59.232,4.68
η² Hyi,28.7336,-67.6473,4.68
ν For,31.1227,-29.2968,4.68
π Per,44.6903,39.6627,4.68
π Leo,150.0534,8.0442,4.68
37 LMi,159.6801,31.9762,4.68
74 Vir,202.9912,-6.2558,4.68
24 CVn,203.6137,49.016,4.68
δ¹ Aps,245.0868,-78.6957,4.68
φ Cyg,294.8442,30.1533,4.68
Bunda,324.438,-7.8542,4.68
66 Aqr,340.8968,-18.8304,4.68
π Tau,66.6516,14.7138,4.69
λ Aur,79.7849,40.0991,4.69
28 Mon,120.3056,-1.3926,4.69
ι Cru,191.4083,-60.9813,4.69
Azelfafage,325.5236,51.1896,4.69
ε Ind,330.8323,-56.786,4.69
ι Phe,353.769,-42.6151,4.69
θ Crt,174.1705,-9.8022,4.7
ο Hya,175.0533,-34.7447,4.7
ζ¹ Sco,253.4989,-42.362,4.7
δ Sct,280.5684,-9.0525,4.7
Terebellum,298.9598,-26.2995,4.7
γ Equ,317.5854,10.1316,4.7
101 Aqr,353.3193,-20.9145,4.7
λ Cet,44.9288,8.9074,4.71
κ Ret,52.3434,-62.9375,4.71
ο¹ Ori,73.1332,14.2506,4.71
ζ Dor,76.3778,-57.4727,4.71
31 Ori,82.4333,-1.0922,4.71
χ Aur,83.182,32.192,4.71
θ Pyx,140.3733,-25.9654,4.71
λ Pyx,140.8011,-28.8339,4.71
ζ Crt,176.1907,-18.3507,4.71
Libertas,298.562,8.4615,4.71
ε Mic,319.4845,-32.1725,4.71
89 Aqr,347.4787,-22.4576,4.71
ψ Cas,21.4831,68.13,4.72
22 Ori,80.4406,-0.3825,4.72
υ Aur,87.7601,37.3056,4.72
δ Pic,92.5746,-54.9686,4.72
19 Pup,122.8179,-12.927,4.72
30 LMi,156.4784,33.7961,4.72
θ² Cru,181.0801,-63.1657,4.72
11 Com,185.1793,17.7929,4.72
20 CVn,199.3857,40.5726,4.72
υ Her,240.6995,46.0367,4.72
41 Oph,259.1529,-0.4453,4.72
κ Cap,325.6646,-18.8663,4.72
65 And,36.4059,50.2786,4.73
38 Gem,103.661,13.1778,4.73
61 Leo,165.457,-2.4846,4.73
δ Nor,241.6226,-45.1732,4.73
τ CrB,242.2429,36.4909,4.73
μ Aqr,313.1635,-8.9833,4.73
λ Cas,7.9431,54.5223,4.74
υ Psc,19.8666,27.2641,4.74
σ Cet,38.0218,-15.2447,4.74
17 Eri,52.6544,-5.0751,4.74
ρ UMa,135.6363,67.6296,4.74
61 Vir,199.6014,-18.3112,4.74
ρ Ser,237.8163,20.9779,4.74
4 Sgr,269.9481,-23.8161,4.74
ζ CrA,285.7786,-42.0951,4.74
8 Cyg,292.943,34.453,4.74
59 Cyg,314.9565,47.521,4.74
ο Aqr,330.8285,-2.1554,4.74
μ Mus,177.0604,-66.8149,4.75
4 Cen,208.3023,-31.9276,4.75
ι Boo,214.0416,51.3672,4.75
κ Lib,235.4867,-19.6788,4.75
ψ² Lup,235.6709,-34.7104,4.75
φ¹ Pav,308.895,-60.5817,4.75
ο Cep,349.656,68.1114,4.75
λ¹ Phe,7.8539,-48.8035,4.76
ν Hyi,42.6188,-75.0669,4.76
Angetenar,42.7597,-21.004,4.76
56 Ori,88.1102,1.8551,4.76
55 UMa,169.783,38.1856,4.76
5 CVn,186.0062,51.5623,4.76
36 Com,194.731,17.4094,4.76
69 Vir,201.8632,-15.9736,4.76
ζ Aps,260.498,-67.7707,4.76
λ Ara,265.0991,-49.4156,4.76
1 Vul,289.0543,21.3904,4.76
9 Cep,324.4801,62.0819,4.76
56 Peg,346.7781,25.4683,4.76
φ¹ Cet,11.0475,-10.6096,4.77
49 Ori,84.7212,-7.2128,4.77
17 Mon,101.8326,8.0373,4.77
26 Hya,139.9433,-11.9749,4.77
87 Leo,172.5787,-3.0035,4.77
ψ Vir,193.5882,-9.539,4.77
ω Dra,264.2379,68.758,4.77
τ Oph,270.7705,-8.1803,4.77
45 Dra,278.1438,57.0456,4.77
34 Cyg,304.4467,38.0329,4.77
Alshat,305.1659,-12.7591,4.77
ρ Cap,307.2151,-17.8137,4.77
θ Oct,0.3992,-77.0657,4.78
20 Cet,13.2521,-1.1443,4.78
58 And,32.1218,37.8591,4.78
64 Eri,74.9822,-12.5374,4.78
27 Lyn,122.1144,51.5067,4.78
θ Ant,146.0504,-27.7695,4.78
40 Leo,154.9341,19.4709,4.78
12 Com,185.6263,25.8462,4.78
σ Vir,199.4012,5.4699,4.78
51 Hya,215.7741,-27.754,4.78
51 Oph,262.854,-23.9626,4.78
ι² Sco,267.5463,-40.0904,4.78
32 Peg,335.3306,28.3305,4.78
35 Peg,336.9647,4.6957,4.78
χ Peg,3.6507,20.2067,4.79
λ Ari,29.4822,23.5961,4.79
2 Aur,73.1583,36.7032,4.79
η Mus,198.8124,-67.8946,4.79
κ CrB,237.8081,35.6574,4.79
22 Sco,247.552,-25.1152,4.79
66 Oph,270.0658,4.3686,4.79
24 Cep,332.4516,72.3412,4.79
μ¹ Gru,333.9038,-41.3467,4.79
ξ Cas,10.5162,50.5125,4.8
Zibal,48.9584,-8.8197,4.8
53 Per,65.3882,46.4989,4.8
δ² Tau,66.024,17.4441,4.8
ψ Eri,75.3598,-7.174,4.8
ψ² Aur,99.8326,42.4889,4.8
σ² UMa,137.5981,67.134,4.8
18 UMa,139.0471,54.0219,4.8
27 Hya,140.1209,-9.5557,4.8
23 Com,188.7129,22.6293,4.8
41 Com,196.7947,27.6247,4.8
4 UMi,212.2125,77.5475,4.8
34 Boo,220.8557,26.5279,4.8
ω Boo,225.5271,25.0081,4.8
68 Her,259.3315,33.1001,4.8
30 Cyg,303.3252,46.8157,4.8
57 Cyg,313.3115,44.3873,4.8
θ¹ Mic,320.1901,-40.8095,4.8
π Aqr,336.3193,1.3774,4.8
ο Peg,340.4392,29.3076,4.8
Alula Australis B,169.5468,31.5288,4.8
15 Ori,77.4248,15.5972,4.81
θ Dor,78.4393,-67.1853,4.81
ο Col,79.3712,-34.8952,4.81
139 Tau,89.4986,25.9539,4.81
ε Crt,171.1525,-10.8593,4.81
Elgafar,217.0506,-2.228,4.81
21 Sgr,276.3377,-20.5417,4.81
29 Vul,309.6306,21.2012,4.81
55 Cyg,312.2346,46.1141,4.81
μ Aur,78.3572,38.4845,4.82
15 CMa,103.3871,-20.2243,4.82
36 UMa,157.6569,55.9805,4.82
25 CVn,204.3652,36.2949,4.82
12 Boo,212.5997,25.0917,4.82
π Ser,240.5737,22.8045,4.82
σ Ser,245.5181,1.029,4.82
52 Her,252.3092,45.9833,4.82
30 Oph,255.265,-4.2226,4.82
Fafnir,276.496,65.5635,4.82
υ Dra,283.5992,71.2972,4.82
η Cap,316.1013,-19.855,4.82
31 Peg,335.3795,12.2052,4.82
σ Aqr,337.6617,-10.6779,4.82
8 And,349.436,49.0153,4.82
104 Aqr,355.4409,-17.8165,4.82
υ¹ Cas,13.7507,58.9727,4.83
ω And,21.9137,45.4067,4.83
ε Cet,39.891,-11.8722,4.83
ζ Hyi,41.3857,-67.6166,4.83
ξ¹ Cen,195.8888,-49.5273,4.83
44 Boo,225.9476,47.6541,4.83
30 Her,247.1606,41.8817,4.83
η Sct,284.2653,-5.8463,4.83
ε CrA,284.6808,-37.1074,4.83
μ Psc,22.5463,6.1438,4.84
60 And,33.3055,44.2317,4.84
δ Tri,34.2629,34.2242,4.84
κ¹ Cet,49.8404,3.3702,4.84
47 Tau,63.4849,9.2638,4.84
126 Tau,85.3238,16.5341,4.84
58 Leo,165.1402,3.6175,4.84
ξ Vir,176.321,8.2581,4.84
20 Boo,214.9385,16.3069,4.84
29 Her,248.1512,11.488,4.84
18 Dra,250.2297,64.589,4.84
60 Sgr,299.7383,-26.1958,4.84
ρ Gru,340.8749,-41.4143,4.84
η Gru,341.4078,-53.5001,4.84
1 Cas,346.6534,59.4198,4.84
Graffias,241.0916,-11.3746,4.84
ε Cir,229.412,-63.6105,4.85
74 Oph,275.2169,3.3772,4.85
λ Tel,284.6157,-52.9386,4.85
η Scl,6.9821,-33.0072,4.86
15 Eri,49.5921,-22.5111,4.86
12 Lyn,101.5589,59.4417,4.86
ζ Pyx,129.927,-29.5611,4.86
31 Boo,220.4115,8.1618,4.86
ξ CrB,245.5243,30.892,4.86
μ Nor,248.5209,-44.0453,4.86
42 Her,249.6869,48.9283,4.86
ν² Dra,263.0665,55.173,4.86
58 Oph,265.8575,-21.6832,4.86
Ainalrami,283.5424,-22.7448,4.86
ψ Sgr,288.8851,-25.2567,4.86
ρ Pav,309.397,-61.5299,4.86
ν Peg,331.4198,5.0585,4.86
Adhil,20.5851,45.5288,4.87
ν Cet,38.9686,5.5932,4.87
ζ Ari,48.7254,21.0444,4.87
39 Eri,63.5987,-10.2563,4.87
9 Hya,130.4306,-15.9434,4.87
δ Pyx,133.8815,-27.6819,4.87
56 Sgr,296.5906,-19.7611,4.87
72 Cyg,323.6939,38.5341,4.87
ρ Cet,36.4875,-12.2905,4.88
114 Tau,81.9087,21.937,4.88
132 Tau,87.254,24.5675,4.88
λ Col,88.2787,-33.8014,4.88
29 CMa,109.6682,-24.5587,4.88
ε Cha,179.9069,-78.2218,4.88
ρ Vir,190.4711,10.2356,4.88
37 Com,195.0686,30.785,4.88
19 Dra,254.0062,65.1348,4.88
ε Sct,280.8802,-8.2752,4.88
43 Sgr,289.4087,-18.9529,4.88
ι Tel,293.8041,-48.0992,4.88
τ Cas,356.7643,58.652,4.88
27 Psc,359.6682,-3.556,4.88
σ Cas,359.7522,55.7549,4.88
6 Cet,2.8161,-15.468,4.89
ψ¹ Ori,81.1868,1.8464,4.89
134 Tau,87.3872,12.6513,4.89
Jishui,114.7914,34.5843,4.89
81 Gem,116.531,18.51,4.89
35 Com,193.3239,21.2449,4.89
η Aps,214.5582,-81.0078,4.89
60 Her,256.3445,12.7408,4.89
ν¹ Dra,263.0438,55.1842,4.89
15 Cyg,296.0691,37.3544,4.89
α Mic,312.492,-33.7797,4.89
10 Lac,339.8153,39.0503,4.89
ν Cas,12.2084,50.9682,4.9
46 Cet,21.4051,-14.5988,4.9
51 Ori,85.6193,1.4746,4.9
16 Lyn,104.4046,45.0941,4.9
Acrab B,241.3607,-19.8019,4.9
ζ TrA,247.1163,-70.0844,4.9
12 Vul,297.7671,22.61,4.9
ζ Ind,312.3706,-46.2268,4.9
12 Per,40.5622,40.1939,4.91
45 Eri,67.9694,-0.044,4.91
104 Tau,76.8625,18.6451,4.91
20 Mon,107.557,-4.2371,4.91
63 Aur,107.9138,39.3205,4.91
φ³ Hya,159.6456,-16.8766,4.91
δ Lib,225.2431,-8.5189,4.91
1 Lup,228.6555,-31.5191,4.91
μ Dra,256.3339,54.47,4.91
ψ Cyg,298.9075,52.4389,4.91
69 Aql,307.4125,-2.8855,4.91
70 Aql,309.1818,-2.55,4.91
ν Tuc,338.2502,-61.9821,4.91
ρ Peg,343.807,8.8162,4.91
56 Cet,29.1675,-22.5268,4.92
3 Mon,90.4601,-10.5979,4.92
17 Lep,91.2464,-16.4844,4.92
ψ¹ Aur,96.2246,49.2879,4.92
χ¹ Hya,166.333,-27.2936,4.92
14 Com,186.6003,27.2682,4.92
78 Vir,203.5331,3.659,4.92
6 Boo,207.4285,21.2641,4.92
ε Lib,231.0495,-10.3223,4.92
106 Her,275.0746,21.9613,4.92
δ¹ Tel,277.9393,-45.9148,4.92
30 Vul,311.2188,25.2706,4.92
δ Hor,62.7106,-41.9936,4.93
ω² Tau,64.3153,20.5786,4.93
54 Per,65.1027,34.5667,4.93
ω Aur,74.8142,37.8902,4.93
24 Lyn,115.7518,58.7104,4.93
27 Mon,119.934,-3.6796,4.93
7 Com,184.0856,23.9454,4.93
31 Com,192.9247,27.5407,4.93
78 UMa,195.1819,56.3663,4.93
11 Lib,222.7545,-2.2992,4.93
45 Boo,226.8252,24.8692,4.93
ψ Sco,243.0,-10.0643,4.93
κ Aql,294.2227,-7.0275,4.93
ξ Tel,301.8465,-52.8808,4.93
28 Cyg,302.3567,36.8396,4.93
29 Cyg,303.6334,36.8063,4.93
χ Aqr,349.2123,-7.7265,4.93
78 Peg,355.9978,29.3615,4.93
6 Tri,33.0929,30.3031,4.94
24 Per,44.7653,35.1831,4.94
χ Gem,120.8795,27.7943,4.94
Felis,148.7175,-19.0094,4.94
ψ Hya,197.2636,-23.1181,4.94
15 Dra,246.996,68.7681,4.94
λ Lyr,285.0034,32.1455,4.94
ρ Aql,303.5692,15.1976,4.94
ω¹ Cyg,307.5147,48.9516,4.94
τ PsA,332.5364,-32.5484,4.94
π Cas,10.867,47.0245,4.95
φ Cas,20.0205,58.2316,4.95
69 Ori,93.0137,16.1304,4.95
τ Leo,171.9843,2.8563,4.95
6 Dra,188.6835,70.0218,4.95
48 Lib,239.5474,-14.2794,4.95
κ Nor,243.3697,-54.6305,4.95
η UMi,244.3769,75.7553,4.95
22 Cyg,298.9657,38.4867,4.95
15 Lac,343.0084,43.3124,4.95
κ Psc,351.7331,1.2556,4.95
19 Psc,356.598,3.4868,4.95
τ And,25.1451,40.577,4.96
ω For,38.4613,-28.2323,4.96
32 Per,50.3607,43.3297,4.96
75 Tau,67.1099,16.3597,4.96
109 Tau,79.8192,22.0965,4.96
ξ Aur,88.7116,55.7069,4.96
89 Vir,207.4679,-18.1342,4.96
98 Her,271.5079,22.2189,4.96
1 Sgr,272.9305,-23.7012,4.96
104 Her,272.9757,31.4053,4.96
4 Cas,351.2094,62.2828,4.96
ν Phe,18.7956,-45.5317,4.97
ω Cas,29.0001,68.6852,4.97
40 Per,55.5944,33.965,4.97
ι Ret,60.3255,-61.0788,4.97
φ Tau,65.0884,27.3508,4.97
ξ Col,88.8746,-37.1207,4.97
φ Gem,118.3742,26.7658,4.97
16 Vir,185.0874,3.3126,4.97
70 Vir,202.1076,13.7788,4.97
52 Hya,217.0435,-29.4916,4.97
42 Lib,235.0704,-23.8181,4.97
γ¹ Nor,244.2539,-50.0681,4.97
72 Peg,353.4883,31.3253,4.97
ω¹ Aqr,354.9461,-14.2222,4.97
ψ And,356.5085,46.4203,4.97
14 Ari,32.3555,25.9399,4.98
β Hor,44.6991,-64.0713,4.98
9 Aur,76.6693,51.5977,4.98
θ¹ Ori,83.8159,-5.3873,4.98
θ² Ori,83.8454,-5.4161,4.98
6 Hya,130.0061,-12.4754,4.98
59 Leo,165.1867,6.1014,4.98
16 Com,186.7471,26.8257,4.98
ν² Boo,232.9458,40.8993,4.98
ι CrB,240.3607,29.8511,4.98
39 Dra,275.9776,58.8007,4.98
Alya B,284.061,4.2021,4.98
26 Aql,290.1371,-5.4158,4.98
3 Cet,1.1255,-10.5095,4.99
4 Per,30.5754,54.4875,4.99
δ For,55.5621,-31.9384,4.99
23 Ori,80.7083,3.5445,4.99
ψ⁷ Aur,102.6915,41.7812,4.99
19 Mon,105.7282,-4.2392,4.99
ε CMi,111.4121,9.2761,4.99
20 Pup,123.3332,-15.7882,4.99
ω Hya,136.4932,5.0923,4.99
ξ Leo,142.9864,11.2998,4.99
56 UMa,170.7066,43.4827,4.99
ν¹ Lup,230.5346,-47.9278,4.99
η CrB,230.8012,30.2878,4.99
36 Dra,273.4732,64.3973,4.99
2 Cyg,291.0316,29.6213,4.99
υ PsA,332.1081,-34.0438,4.99
ψ³ Aqr,349.7403,-9.6107,4.99
111 Tau,81.1061,17.3835,5.0
Elkurud,91.8818,-37.2529,5.0
μ CMa,104.0277,-14.0434,5.0
10 Leo,144.3028,6.8358,5.0
θ UMi,232.8543,77.3494,5.0
Marsic,242.0189,17.047,5.0
ν² Sgr,283.7797,-22.6713,5.0
16 Lyr,285.3599,46.9348,5.0
54 Dra,288.4798,57.7051,5.0
9 Vul,293.6454,19.7734,5.0
17 Cyg,296.6067,33.7276,5.0
η Tuc,359.3959,-64.2982,5.0
ξ Sco,241.0916,-11.3746,5.0
γ CrA,286.6027,-37.0647,5.0
22 And,2.5802,46.0723,5.01
47 Psc,7.0121,17.8931,5.01
χ And,24.8375,44.3862,5.01
14 Aur,78.8517,32.6876,5.01
η² Dor,92.8125,-65.5894,5.01
1 Lyn,94.4784,61.5153,5.01
65 Gem,112.4532,27.9161,5.01
6 CVn,186.4623,39.0186,5.01
4 Dra,187.528,69.2011,5.01
ζ Sge,297.2444,19.142,5.01
61 Sgr,299.4876,-15.4915,5.01
79 Tau,67.209,13.0476,5.02
σ Aur,81.1631,37.3853,5.02
46 UMa,163.935,33.5069,5.02
9 Boo,209.1424,27.4921,5.02
11 UMi,229.2745,71.8239,5.02
30 Dra,267.2679,50.7811,5.02
35 Dra,267.3623,76.9629,5.02
4 Aql,281.2081,2.06,5.02
ξ¹ Sgr,284.3353,-20.6563,5.02
χ¹ Sgr,291.3187,-24.5086,5.02
θ PsA,326.934,-30.8983,5.02
κ Ari,31.6413,22.6483,5.03
60 Eri,72.5484,-16.2172,5.03
4 Pup,116.487,-14.5638,5.03
Chalawan,164.8668,40.4303,5.03
24 Com,188.7823,18.3771,5.03
82 Vir,205.4032,-8.703,5.03
51 Her,252.9386,24.6564,5.03
46 Dra,280.6581,55.5395,5.03
η Tel,290.7133,-54.4239,5.03
36 Aql,292.666,-2.7889,5.03
20 Cyg,297.6572,52.988,5.03
32 Vul,313.6402,28.0576,5.03
ζ Scl,0.583,-29.7204,5.04
41 And,17.0034,43.9421,5.04
β Cae,70.5145,-37.1443,5.04
2 Mon,89.768,-9.5582,5.04
74 Ori,94.1109,12.2722,5.04
ψ⁴ Aur,100.7708,44.5245,5.04
57 Gem,110.8688,25.0505,5.04
74 Gem,114.8691,17.6745,5.04
κ Cha,181.1942,-76.5191,5.04
53 Vir,198.0148,-16.1986,5.04
ι¹ Mus,201.2804,-74.8878,5.04
δ Cir,229.2371,-60.9573,5.04
5 Ser,229.8283,1.7654,5.04
ν¹ Boo,232.7323,40.833,5.04
λ Lib,238.3336,-20.167,5.04
68 Cyg,319.6133,43.9459,5.04
74 Cyg,324.2374,40.4135,5.04
16 Cep,329.8128,73.1799,5.04
Situla,339.4391,-4.2281,5.04
31 Per,49.7818,50.095,5.05
Pleione,57.2967,24.1367,5.05
η² Pic,76.2416,-49.5778,5.05
19 Aur,80.0038,33.9581,5.05
99 Her,271.7565,30.5621,5.05
λ Cep,332.8774,59.4145,5.05
57 Peg,347.3811,8.6772,5.05
7 Psc,350.0858,5.3813,5.05
ν Dor,92.1846,-68.8434,5.06
10 Mon,96.9899,-4.7622,5.06
49 UMa,165.2101,39.2121,5.06
ε Aps,215.5966,-80.1089,5.06
55 Sgr,295.6297,-16.124,5.06
26 Cyg,300.3398,50.1047,5.06
28 Vul,309.633,24.116,5.06
56 Cyg,312.5204,44.0593,5.06
ι Ind,312.8752,-51.6082,5.06
ο Pav,318.3353,-70.1263,5.06
φ Peg,358.122,19.1203,5.06
β³ Tuc,8.1827,-63.0315,5.07
64 Psc,12.2446,16.9406,5.07
94 Cet,48.1935,-1.1961,5.07
δ Cae,67.7087,-44.9537,5.07
3 Cam,69.9779,53.0795,5.07
27 Ori,81.1205,-0.8913,5.07
51 Gem,108.3428,16.159,5.07
64 Gem,112.3352,28.1183,5.07
6 Leo,142.9899,9.7158,5.07
ζ Cha,143.4729,-80.9413,5.07
κ Hya,145.0765,-14.3323,5.07
γ Sex,148.1268,-8.105,5.07
48 Leo,158.7001,6.9537,5.07
ο¹ Cen,172.942,-59.4421,5.07
50 Hya,213.1918,-27.2612,5.07
17 Dra,249.0572,52.9244,5.07
27 Dra,262.9912,68.135,5.07
δ² Tel,278.0081,-45.7574,5.07
18 Aql,286.7442,11.0712,5.07
κ Del,309.7824,10.0862,5.07
14 Peg,327.4612,30.1742,5.07
19 Cep,331.2866,62.2798,5.07
Guniibuu B,258.836,-26.6032,5.07
30 Tau,57.0678,11.1433,5.08
σ¹ Tau,69.7884,15.7998,5.08
97 Tau,72.8436,18.8399,5.08
φ Aur,81.912,34.4759,5.08
α Men,92.5595,-74.753,5.08
β Sex,157.5728,-0.637,5.08
44 Hya,158.5037,-23.7452,5.08
41 LMi,160.854,23.1884,5.08
λ Crt,170.8412,-18.78,5.08
μ² Cru,193.6538,-57.1687,5.08
θ Cir,224.1833,-62.781,5.08
17 Vul,301.7225,23.6144,5.08
π Cap,306.83,-18.2117,5.08
μ Cap,328.324,-13.5518,5.08
31 Cep,338.9412,73.6432,5.08
λ Hyi,12.1467,-74.9234,5.09
ι Ari,29.3377,17.8175,5.09
56 Gem,110.4869,20.4437,5.09
12 Pup,119.7738,-23.3104,5.09
6 Com,184.0008,14.8991,5.09
36 Ser,237.815,-3.0905,5.09
87 Her,267.2048,25.6229,5.09
η Sge,301.2896,19.9911,5.09
75 Cyg,325.0462,43.2738,5.09
16 Peg,328.2657,25.9251,5.09
ε Oct,335.0063,-80.4397,5.09
2 And,345.6515,42.7578,5.09
66 Peg,350.769,12.3139,5.09
77 Peg,355.8432,10.3315,5.09
21 Per,44.322,31.9342,5.1
τ² Ari,50.6885,20.7421,5.1
66 Tau,65.9659,9.461,5.1
ε Dor,87.4731,-66.9012,5.1
5 Her,240.3097,17.8184,5.1
101 Her,272.2203,20.0452,5.1
23 Aql,289.6354,1.0851,5.1
25 Aqr,324.8886,2.2436,5.1
46 Cap,326.2511,-9.0824,5.1
γ¹ Oct,358.0278,-82.0188,5.1
48 Cet,22.4006,-21.6293,5.11
68 Eri,77.1821,-4.4562,5.11
43 Cam,103.426,68.8883,5.11
19 LMi,149.4212,41.0556,5.11
κ TrA,238.8734,-68.603,5.11
μ Lyr,276.0575,39.5072,5.11
λ CrA,280.9456,-38.3234,5.11
59 Dra,287.2907,76.5605,5.11
φ² Pav,310.0102,-60.5489,5.11
ι Mic,312.1213,-43.9885,5.11
μ² Gru,334.1107,-41.6272,5.11
13 Lac,341.0228,41.8192,5.11
φ Phe,28.5918,-42.4969,5.12
μ Hor,45.9036,-59.7378,5.12
66 Eri,76.6902,-4.6552,5.12
65 Aur,110.511,36.7606,5.12
ζ CMi,117.9249,1.7669,5.12
38 UMa,160.4862,65.7163,5.12
44 UMa,163.3937,54.5851,5.12
ο² Cen,172.9533,-59.5156,5.12
27 Com,191.6615,16.5777,5.12
Cervantes,266.0363,-51.8341,5.12
107 Her,275.2542,28.87,5.12
Albireo B,292.6891,27.9653,5.12
37 Aql,293.7802,-10.5604,5.12
ο Aql,297.7568,10.4157,5.12
ν Mic,308.4795,-44.516,5.12
47 Aqr,335.3982,-21.5982,5.12
π PsA,345.8742,-34.7494,5.12
29 Psc,0.456,-3.0275,5.13
89 Psc,19.4498,3.6145,5.13
φ For,37.0071,-33.811,5.13
θ¹ Ori,83.8186,-5.3897,5.13
χ Cnc,125.0161,27.2177,5.13
36 Lib,233.6555,-28.047,5.13
θ Nor,243.8139,-47.372,5.13
70 Her,260.2259,24.4994,5.13
53 Dra,287.919,56.8592,5.13
α Oct,316.1793,-77.0238,5.13
π Phe,359.7323,-52.7458,5.13
37 Cet,18.6002,-7.9228,5.14
4 Tau,52.602,11.3364,5.14
42 Per,57.3862,33.0914,5.14
λ Dor,81.5803,-58.9125,5.14
64 Ori,90.864,19.6906,5.14
42 Cam,102.7379,67.5719,5.14
25 Mon,114.3195,-4.111,5.14
π Gem,116.8764,33.4157,5.14
8 Cnc,121.2687,13.1182,5.14
21 CVn,199.5605,49.6821,5.14
υ Vir,214.8853,-2.2655,5.14
μ CrB,233.8121,39.0101,5.14
ξ¹ Lup,239.2229,-33.9661,5.14
ο Oph,259.5028,-24.2869,5.14
ω Pav,284.6522,-60.2005,5.14
21 Aql,288.4279,2.2937,5.14
4 Vul,291.3692,19.7984,5.14
23 Cyg,298.3224,57.5235,5.14
35 Cyg,304.6628,34.9828,5.14
υ Pav,310.4878,-66.7607,5.14
82 Psc,17.7782,31.4247,5.15
χ Phe,30.4266,-44.7135,5.15
14 Tri,38.0257,36.1473,5.15
35 Lyn,132.9868,43.7266,5.15
σ¹ UMa,137.098,66.8732,5.15
27 UMa,145.7384,72.2526,5.15
ζ² Mus,185.5307,-67.5221,5.15
49 Vir,196.9742,-10.7404,5.15
54 Hya,221.5004,-25.4432,5.15
α¹ Lib,222.6716,-15.9972,5.15
10 Ser,232.1593,1.8421,5.15
43 Her,251.4579,8.5826,5.15
25 Cyg,299.98,37.0429,5.15
1 Aqr,309.8537,0.4864,5.15
υ Cap,310.0123,-18.1387,5.15
γ¹ Del,311.6619,16.1241,5.15
59 Peg,347.9341,8.7201,5.15
ρ And,5.2803,37.9686,5.16
9 Per,35.5893,55.8457,5.16
29 Per,49.6572,50.2222,5.16
9 Pup,117.9429,-13.898,5.16
Nahn,137.3397,22.0454,5.16
37 UMa,158.7903,57.0826,5.16
90 Vir,208.6756,-1.5031,5.16
η Cir,226.2005,-64.0314,5.16
τ¹ Ser,231.4475,15.428,5.16
β Equ,320.7234,6.8111,5.16
42 Cap,325.3869,-14.0476,5.16
σ Peg,343.1003,9.8357,5.16
φ² Cet,12.5316,-10.6443,5.17
μ Cas,17.0622,54.9203,5.17
38 Ari,41.2399,12.4458,5.17
ξ Eri,65.9202,-3.7455,5.17
6 Pup,117.4217,-17.2284,5.17
η Crt,179.004,-17.1508,5.17
13 Com,186.0772,26.0986,5.17
90 Her,268.3251,40.008,5.17
ρ Tel,286.5831,-52.3409,5.17
31 Aql,291.2425,11.9444,5.17
4 Cyg,291.538,36.3179,5.17
μ Ind,316.3093,-54.727,5.17
φ Cap,318.9079,-20.6517,5.17
108 Aqr,357.8389,-18.9092,5.17
α Com,197.4958,17.529,5.17
ι Scl,5.38,-28.9815,5.18
42 Cas,25.7324,70.6225,5.18
41 Tau,61.6517,27.5999,5.18
6 Ori,73.6954,11.426,5.18
γ Men,82.9698,-76.341,5.18
125 Tau,84.9342,25.8971,5.18
μ Col,86.4996,-32.3064,5.18
16 UMa,138.5856,61.4233,5.18
75 Leo,169.3225,2.0106,5.18
κ Tel,283.1651,-52.1074,5.18
σ Aql,294.7985,5.3978,5.18
19 Cyg,297.6416,38.7224,5.18
22 Vul,303.876,23.5089,5.18
73 Dra,307.8767,74.9546,5.18
σ Phe,356.8166,-50.2265,5.18
κ For,35.6356,-23.8163,5.19
64 And,36.1038,50.0065,5.19
θ Vol,129.7714,-70.3867,5.19
δ Sex,157.3696,-2.7391,5.19
2 Dra,174.0112,69.323,5.19
59 Vir,199.1938,9.4242,5.19
ν Lib,226.6567,-16.2568,5.19
κ Ara,261.5002,-50.6335,5.19
21 Vul,303.5605,28.6948,5.19
17 Del,313.9029,13.7215,5.19
6 Cep,319.8426,64.8719,5.19
30 Cep,339.6627,63.5845,5.19
97 Aqr,350.6632,-15.0393,5.19
28 And,7.5307,29.7516,5.2
13 Cet,8.812,-3.5928,5.2
47 Eri,68.5485,-8.2314,5.2
31 Cam,88.7409,59.8884,5.2
71 Ori,93.712,19.1564,5.2
26 Gem,100.6014,17.6453,5.2
ω Gem,105.6033,24.2154,5.2
18 Lyn,108.979,59.6375,5.2
63 Gem,111.9349,21.4452,5.2
ζ Crv,185.1402,-22.2159,5.2
14 CVn,196.4352,35.7989,5.2
47 Hya,209.6298,-24.9722,5.2
ν¹ CrB,245.5893,33.7991,5.2
59 Ser,276.8021,0.1961,5.2
μ CrA,281.9359,-40.4062,5.2
17 Lyr,286.8565,32.5017,5.2
61 Cyg,316.7219,38.7494,5.2
94 Aqr,349.7778,-13.4586,5.2
υ Phe,16.9494,-41.4869,5.21
Revati,18.4329,7.5754,5.21
ζ Hor,40.165,-54.5499,5.21
ψ Tau,61.7519,29.0013,5.21
60 Ori,89.7066,0.553,5.21
5 Lyn,96.7036,58.4174,5.21
57 Vir,198.9948,-19.9431,5.21
76 Vir,203.242,-10.165,5.21
ω Ser,237.5731,2.1965,5.21
ι Ara,260.817,-47.4682,5.21
υ Aqr,338.6735,-20.7082,5.21
49 Cas,31.3815,76.1151,5.22
51 Eri,69.4005,-2.4735,5.22
11 Cam,76.5352,58.9724,5.22
ρ Aur,80.4517,41.8046,5.22
ψ⁶ Aur,101.9149,48.7895,5.22
η CMi,112.0086,6.942,5.22
ο¹ Cnc,134.3123,15.3228,5.22
67 UMa,180.5286,43.0456,5.22
32 Vir,191.4044,7.6733,5.22
45 Her,251.9434,5.2467,5.22
29 Sgr,282.4171,-20.3247,5.22
ν² Lyr,282.4705,32.5511,5.22
3 Vul,290.712,26.2624,5.22
64 Dra,300.3689,64.821,5.22
71 Cyg,322.3622,46.5406,5.22
Veritate,352.8224,39.2362,5.22
91 Psc,20.2807,28.7382,5.23
η Ari,33.2003,21.211,5.23
10 CMa,101.1186,-31.0705,5.23
66 Aur,111.0353,40.6724,5.23
ρ² Cnc,133.9153,27.9275,5.23
σ³ Cnc,134.8861,32.4186,5.23
κ Cnc,136.9367,10.6682,5.23
η Ant,149.7179,-35.891,5.23
Taiyi,193.869,65.4385,5.23
56 Hya,221.9367,-26.0875,5.23
σ CrB,243.6703,33.8586,5.23
23 Oph,253.6487,-6.154,5.23
26 Dra,263.7475,61.8746,5.23
19 Aql,287.2496,6.0732,5.23
16 Vul,300.5059,24.938,5.23
θ Scl,2.9333,-35.1331,5.24
ρ Phe,12.6715,-50.9868,5.24
107 Psc,25.6241,20.2685,5.24
ζ² Ret,49.5496,-62.5064,5.24
20 Eri,54.0726,-17.4671,5.24
24 Eri,56.1271,-1.1631,5.24
τ⁷ Eri,56.9152,-23.8747,5.24
η Ret,65.4719,-63.3864,5.24
16 Cam,80.866,57.5444,5.24
45 Ori,83.9145,-4.8561,5.24
ψ⁵ Aur,101.6847,43.5774,5.24
δ¹ CMi,113.0248,1.9145,5.24
η Pyx,129.4673,-26.255,5.24
23 Hya,139.1739,-6.3531,5.24
ω Vir,174.615,8.1343,5.24
χ Sco,243.4621,-11.8377,5.24
τ Cap,309.818,-14.9548,5.24
41 Cap,325.5029,-23.2629,5.24
68 Aqr,341.888,-19.6134,5.24
106 Aqr,356.0503,-18.2769,5.24
τ Oph,270.768,-8.1817,5.24
π Scl,25.5358,-32.327,5.25
7 Tri,33.9845,33.3589,5.25
ν Hor,42.2559,-62.8065,5.25
8 Lep,80.8756,-13.9274,5.25
11 CMi,116.5675,10.7683,5.25
ε Sex,154.4075,-8.0689,5.25
φ Boo,234.4566,40.3534,5.25
π Ara,264.5231,-54.5004,5.25
96 Her,270.596,20.8336,5.25
ι Lyr,286.8255,36.1002,5.25
12 Lac,340.3694,40.2254,5.25
π Ari,42.3232,17.4643,5.26
ρ³ Eri,46.0688,-7.6009,5.26
58 Tau,65.1513,15.0955,5.26
52 Ori,87.001,6.4542,5.26
49 Aur,98.8003,28.0223,5.26
ν Leo,149.5557,12.4448,5.26
92 Leo,175.1961,21.3527,5.26
13 Boo,212.0722,49.4582,5.26
16 Ser,234.1232,10.0102,5.26
18 Cep,330.9706,63.1199,5.26
49 And,22.5254,47.0073,5.27
47 Cas,31.2797,77.2813,5.27
μ For,33.2269,-30.7238,5.27
μ Hyi,37.9175,-79.1094,5.27
τ¹ Ari,50.3068,21.1471,5.27
κ² Tau,66.3542,22.2,5.27
7 Mon,94.9283,-7.8229,5.27
68 Gem,113.402,15.8267,5.27
31 UMa,148.9292,49.8198,5.27
68 Vir,201.6799,-12.7077,5.27
12 Lib,223.5839,-24.6422,5.27
δ² Aps,245.1119,-78.6675,5.27
59 Her,255.4015,33.5683,5.27
ε² Ara,255.7863,-53.237,5.27
11 Aql,284.7739,13.6222,5.27
λ Oct,327.7262,-82.7189,5.27
20 Cep,331.252,62.7857,5.27
40 Cas,24.6289,73.04,5.28
43 Per,59.1521,50.6954,5.28
35 Eri,60.3835,-1.5497,5.28
κ Dor,71.0881,-59.7327,5.28
106 Tau,76.9517,20.4184,5.28
ν² Col,84.4359,-28.6897,5.28
133 Tau,86.9288,13.8996,5.28
19 Lep,91.9235,-19.1659,5.28
11 CMa,101.7129,-14.426,5.28
36 Gem,102.8877,21.7611,5.28
η Vol,125.5188,-73.4,5.28
17 UMa,138.9575,56.7414,5.28
42 Lyn,144.5907,40.2398,5.28
3 CVn,184.953,48.9841,5.28
χ Boo,228.6215,29.1643,5.28
ι TrA,246.9888,-64.0579,5.28
ω¹ Aql,289.4542,11.5954,5.28
χ Aql,295.6417,11.8266,5.28
φ Aql,299.0594,11.4237,5.28
σ Cap,304.8483,-19.1185,5.28
ν Ind,336.1465,-72.2554,5.28
107 Aqr,356.5038,-18.6783,5.28
γ³ Oct,2.5094,-82.224,5.29
ε Scl,26.4114,-25.0526,5.29
10 Tri,34.7375,28.6427,5.29
69 Cet,35.486,0.3957,5.29
12 Tri,37.0416,29.6693,5.29
46 Tau,63.3879,7.716,5.29
4 Cam,72.001,56.7572,5.29
ν Lep,79.9959,-12.3156,5.29
22 Leo,147.971,24.3954,5.29
17 Com,187.2279,25.9129,5.29
15 Boo,213.7119,10.1006,5.29
15 Sgr,273.8038,-20.7283,5.29
χ Oct,283.6984,-87.6058,5.29
ξ Gru,323.0245,-41.1793,5.29
12 Peg,326.5182,22.9489,5.29
32 Aqr,331.1976,-0.9063,5.29
32 And,10.2799,39.4587,5.3
η Hor,39.3514,-52.5431,5.3
33 Ari,40.1711,27.0609,5.3
36 Per,53.1095,46.0569,5.3
λ Pic,70.6935,-50.4813,5.3
59 Per,70.7263,43.3651,5.3
β Men,75.6792,-71.3143,5.3
76 Gem,116.0288,25.7842,5.3
14 CMi,119.5861,2.2248,5.3
μ² Cnc,121.9411,21.5818,5.3
14 Hya,132.3405,-3.443,5.3
36 Lyn,138.4509,43.2178,5.3
57 UMa,172.2672,39.337,5.3
43 Oph,260.84,-28.1428,5.3
105 Her,274.7945,24.4461,5.3
54 Sgr,295.1808,-16.2933,5.3
θ² Sgr,299.9639,-34.6978,5.3
24 Vul,304.1962,24.6711,5.3
33 Vul,314.5681,22.3259,5.3
ε Equ,314.7687,4.2935,5.3
χ Cap,317.1401,-21.1937,5.3
70 Cyg,321.839,37.1168,5.3
7 Peg,325.5644,5.6801,5.3
4 And,346.9136,46.3872,5.3
μ Scl,355.159,-32.0731,5.3
82 Peg,358.1546,10.9473,5.3
62 And,34.8201,47.38,5.31
73 Leo,168.9663,13.3076,5.31
61 UMa,175.2626,34.2016,5.31
4 Vir,176.9788,8.2459,5.31
55 Vir,198.5454,-19.9309,5.31
29 Cap,318.9368,-15.1715,5.31
31 Cas,17.6637,68.7786,5.32
ρ² Eri,45.6761,-7.6855,5.32
40 Tau,60.9358,5.4356,5.32
38 Ori,83.5699,3.7669,5.32
53 Leo,162.3143,10.5452,5.32
3 Dra,175.6183,66.7449,5.32
μ Lib,222.3294,-14.149,5.32
3 Ser,228.7973,4.9394,5.32
37 Oph,258.1159,10.5852,5.32
μ² Pav,300.4685,-66.944,5.32
ζ Mic,315.7415,-38.6314,5.32
ξ Oct,342.5948,-80.1238,5.32
ψ¹ Psc,16.4206,21.4732,5.33
5 Ori,73.3449,2.5082,5.33
14 Ori,76.9704,8.4984,5.33
κ¹ Vol,124.9541,-71.5149,5.33
θ Cnc,127.8989,18.0944,5.33
η Cnc,128.1771,20.4412,5.33
ν Tel,297.0048,-56.3626,5.33
13 Sge,300.0138,17.5165,5.33
41 Aqr,333.5751,-21.0746,5.33
71 Peg,353.3671,22.4988,5.33
π For,30.3114,-30.0018,5.34
20 Per,43.4275,38.3375,5.34
29 Tau,56.4185,6.05,5.34
56 Tau,64.9029,21.7735,5.34
21 Ori,79.7967,2.5958,5.34
72 Ori,93.8547,16.1432,5.34
45 Aur,95.4422,53.4522,5.34
ψ³ Aur,99.7049,39.9026,5.34
13 Lyn,101.7063,57.1692,5.34
14 Lyn,103.2711,59.4485,5.34
ι Cha,141.0402,-80.7869,5.34
χ Ser,235.4476,12.8475,5.34
53 Her,253.2419,31.7017,5.34
13 Peg,327.5362,17.2859,5.34
42 Aqr,334.2002,-12.8314,5.34
φ³ Cet,14.0062,-11.2665,5.35
ρ Psc,21.5636,19.1723,5.35
40 Aur,91.6462,38.4826,5.35
37 Cam,92.4958,58.9357,5.35
22 Lyn,112.483,49.6725,5.35
34 Lyn,130.2544,45.834,5.35
84 Vir,205.7655,3.5379,5.35
6 Ser,230.2583,0.7153,5.35
2 Her,238.6577,43.1386,5.35
54 Her,253.8424,18.4332,5.35
82 Her,264.1569,48.5856,5.35
20 Aql,288.1696,-7.9395,5.35
ρ Aqr,335.0496,-7.8211,5.35
64 Peg,350.4789,31.8125,5.35
18 And,354.7847,50.4717,5.35
55 Psc,9.9815,21.4385,5.36
57 Psc,11.6373,15.4755,5.36
ι Tuc,16.8276,-61.7753,5.36
λ Hor,36.2248,-60.3119,5.36
75 Cet,38.0393,-1.0349,5.36
2 Cam,69.9919,53.473,5.36
55 Ori,87.8416,-7.518,5.36
36 Cam,93.2127,65.7184,5.36
π² Cnc,138.8077,14.9415,5.36
ψ Leo,145.9329,14.0217,5.36
42 LMi,161.4662,30.6823,5.36
7 Vir,179.9871,3.6552,5.36
63 Vir,200.7546,-17.7353,5.36
υ Lup,231.1876,-39.7103,5.36
41 Lib,234.7273,-19.3019,5.36
103 Aqr,355.3937,-18.0271,5.36
η¹ Pic,75.7029,-49.1514,5.37
121 Tau,83.863,24.0396,5.37
40 Cam,93.9189,59.999,5.37
π² Dor,96.3693,-69.6903,5.37
1 CMi,111.2424,11.6695,5.37
20 LMi,150.253,31.9237,5.37
74 UMa,187.489,58.4057,5.37
9 Dra,194.98,66.5973,5.37
7 Sgr,270.7129,-24.2825,5.37
28 Sgr,281.5859,-22.3922,5.37
50 Dra,281.5927,75.434,5.37
30 Peg,335.1149,5.7895,5.37
κ Gru,346.165,-53.9649,5.37
41 Psc,5.1494,8.1903,5.38
12 Cas,6.1979,61.8311,5.38
52 Psc,8.1478,20.2943,5.38
ρ Tuc,10.618,-65.468,5.38
15 Tri,38.945,34.6876,5.38
χ Tau,65.6456,25.6293,5.38
85 Gem,118.9162,19.884,5.38
50 Boo,230.4524,32.9337,5.38
72 Her,260.1648,32.4677,5.38
60 Ser,277.4208,-1.9853,5.38
51 Aql,297.6949,-10.7635,5.38
27 Cyg,301.5908,35.9725,5.38
75 Dra,307.0603,81.4227,5.38
60 Cyg,315.2955,46.1558,5.38
33 Cap,321.04,-20.8519,5.38
γ² For,42.4757,-27.942,5.39
44 Tau,62.7078,26.481,5.39
63 Eri,74.9602,-10.2633,5.39
75 Ori,94.2776,9.9424,5.39
8 LMi,142.8851,35.1033,5.39
79 Leo,171.0097,1.4078,5.39
33 Boo,219.7093,44.4045,5.39
25 Ser,236.5235,-1.8042,5.39
ρ CrB,240.2612,33.3035,5.39
ι Aps,260.5245,-70.1232,5.39
9 Cyg,293.7122,29.463,5.39
η Del,308.4877,13.0273,5.39
35 Vul,321.9169,27.6086,5.39
58 Peg,347.5061,9.8221,5.39
25 Cet,15.7606,-4.8366,5.4
ι Hor,40.639,-50.8003,5.4
83 Tau,67.6557,13.7244,5.4
115 Tau,81.7921,17.9622,5.4
26 Aur,84.6587,30.4924,5.4
57 Cnc,133.5614,30.5791,5.4
ω Leo,142.1142,9.0568,5.4
Intercrus,142.1666,45.6015,5.4
11 LMi,143.915,35.8101,5.4
69 Leo,168.4398,-0.0695,5.4
22 Boo,216.614,19.2269,5.4
κ¹ Aps,232.8784,-73.3896,5.4
ν² CrB,245.6217,33.7035,5.4
14 Aql,285.7271,-3.699,5.4
51 Dra,286.2299,53.3967,5.4
15 Aql,286.2403,-4.0314,5.4
66 Dra,301.3867,61.9954,5.4
30 Cap,319.4887,-17.9851,5.4
κ² Scl,2.8934,-27.7997,5.41
50 Cet,23.9957,-15.4002,5.41
ι Vol,102.8624,-70.9634,5.41
87 Vir,206.8558,-17.8598,5.41
18 Boo,214.8178,13.0043,5.41
η Lib,236.0183,-15.6728,5.41
14 Cyg,294.8603,42.8183,5.41
51 Cyg,310.5526,50.34,5.41
σ Pav,312.326,-68.7765,5.41
κ¹ Scl,2.3378,-27.9879,5.42
23 Cas,11.9418,74.8476,5.42
39 Cet,19.1512,-2.5004,5.42
55 And,28.3223,40.7298,5.42
60 Cet,30.7985,0.1285,5.42
70 Cet,35.5517,-0.8849,5.42
28 Gem,101.1894,28.9709,5.42
τ Cnc,137.0002,29.6542,5.42
37 Leo,154.1697,13.7283,5.42
La Superba,191.2826,45.4403,5.42
106 Vir,217.1738,-6.9005,5.42
ι Del,309.4547,11.3777,5.42
7 Cep,321.9423,66.8091,5.42
5 Psc,347.1705,2.1279,5.42
57 Cet,29.9425,-20.8245,5.43
14 Per,41.0215,44.297,5.43
16 Ori,77.3318,9.8296,5.43
17 Cam,82.5425,63.0672,5.43
ζ Oct,134.1742,-85.6632,5.43
ν Cha,146.5853,-76.7761,5.43
46 Leo,158.0491,14.1373,5.43
Tianyi,191.8931,66.7903,5.43
λ CrB,238.9483,37.947,5.43
16 Sco,243.0305,-8.5476,5.43
ψ² Dra,268.7964,72.0051,5.43
112 Her,283.0684,21.4251,5.43
η PsA,330.2093,-28.4537,5.43
38 Aqr,332.6562,-11.5649,5.43
2 Psc,344.8644,0.9629,5.43
6 Cas,357.2091,62.2145,5.43
68 Psc,14.459,28.9922,5.44
4 Eri,44.349,-23.8622,5.44
37 Eri,62.5938,-6.9239,5.44
ζ Pic,79.8422,-50.606,5.44
73 Ori,93.9373,12.5511,5.44
21 Mon,107.8484,-0.3019,5.44
60 Cnc,133.9815,11.626,5.44
σ² Cnc,134.2358,32.9104,5.44
θ Mus,197.0298,-65.306,5.44
λ Nor,244.8235,-42.674,5.44
66 Aql,303.3078,-1.0093,5.44
ω² Cyg,307.8284,49.2203,5.44
83 Aqr,346.2908,-7.6938,5.44
11 And,349.8742,48.6253,5.44
λ² Tuc,13.7513,-69.5271,5.45
ν Ari,39.7041,21.9614,5.45
52 Ari,46.3612,25.2552,5.45
Celaeno,56.2009,24.2895,5.45
93 Tau,70.0142,12.1976,5.45
θ Men,104.1437,-79.4202,5.45
ν Cnc,135.6844,24.4529,5.45
3 Crv,182.766,-23.6024,5.45
ι Oct,193.7433,-85.1234,5.45
χ³ Sgr,291.3736,-23.9625,5.45
42 Aql,294.4471,-4.6476,5.45
Polaris Australis,317.1918,-88.9565,5.45
λ PsA,333.5781,-27.7669,5.45
ρ² Cep,337.4707,78.8243,5.45
Helvetios,344.3666,20.7688,5.45
36 And,13.7421,23.6283,5.46
36 Tau,61.0903,24.106,5.46
33 Ori,82.8105,3.2921,5.46
ο Aur,86.4752,49.8263,5.46
κ Men,87.57,-79.3614,5.46
η Cha,130.3316,-78.9634,5.46
δ¹ Cha,161.3182,-80.4696,5.46
82 UMa,204.8771,52.9212,5.46
95 Vir,211.6784,-9.3135,5.46
9 Her,243.3143,5.0211,5.46
η¹ CrA,282.2104,-43.68,5.46
2 Vul,289.4318,23.0255,5.46
27 Aql,290.1487,-0.8922,5.46
5 Peg,324.4393,19.3186,5.46
81 Tau,67.662,15.6919,5.47
η Men,73.7965,-74.9369,5.47
118 Tau,82.3187,25.1502,5.47
130 Tau,86.8591,17.7291,5.47
45 Gem,107.0918,15.9307,5.47
26 Lyn,118.678,47.5646,5.47
2 UMa,128.6507,65.1452,5.47
20 Hya,137.3982,-8.7876,5.47
18 Com,187.3627,24.1089,5.47
21 Com,187.7523,24.5672,5.47
49 Lib,240.0817,-16.5333,5.47
89 Her,268.8549,26.05,5.47
ι Pav,272.6092,-62.0022,5.47
φ Oct,275.9018,-75.0443,5.47
ν Gru,337.1634,-39.1318,5.47
ξ Ari,36.2044,10.6106,5.48
η³ For,42.6684,-35.6758,5.48
30 Eri,58.1736,-5.3613,5.48
5 Pup,116.9863,-12.1927,5.48
ι Crt,174.6667,-13.2019,5.48
21 Vir,188.4448,-9.4521,5.48
ξ² Lib,224.1921,-11.4097,5.48
19 UMi,242.7064,75.8776,5.48
47 Her,252.5808,7.2477,5.48
27 Sco,254.2966,-33.2595,5.48
18 Aqr,321.0479,-12.8781,5.48
21 Aqr,321.3207,-3.5567,5.48
30 Per,49.4473,44.025,5.49
58 Eri,71.9012,-16.9345,5.49
24 Hya,139.1724,-8.7448,5.49
23 LMi,154.0602,29.3105,5.49
52 Leo,161.6053,14.1946,5.49
26 Com,189.7805,21.0626,5.49
18 Sco,243.9053,-8.3694,5.49
14 Sgr,273.5662,-21.7132,5.49
24 Sgr,278.4729,-24.0323,5.49
7 Aqr,314.2251,-9.6975,5.49
ψ Oct,334.4611,-77.5116,5.49
75 Peg,354.4867,18.4007,5.49
20 Psc,356.9856,-2.7616,5.49
π Tuc,5.1627,-69.6249,5.5
σ Scl,15.6101,-31.552,5.5
σ Psc,15.7046,31.8043,5.5
94 Psc,21.6736,19.2404,5.5
ε Tri,30.7415,33.2841,5.5
64 Ari,51.077,24.7241,5.5
53 Tau,64.8587,21.1423,5.5
62 Eri,74.1008,-5.1714,5.5
103 Tau,77.0276,24.2652,5.5
π² Col,91.9703,-42.154,5.5
51 Leo,161.6023,18.8915,5.5
86 Vir,206.4847,-12.4265,5.5
11 Ser,233.2414,-1.1864,5.5
θ TrA,248.9366,-65.4954,5.5
10 Vul,295.9289,25.7719,5.5
25 Vul,305.5143,24.4461,5.5
τ Oct,352.0149,-87.4822,5.5
λ² Phe,8.9215,-48.0009,5.51
58 Psc,11.7561,11.9738,5.51
80 Psc,17.0925,5.6498,5.51
47 Cet,21.7149,-13.0565,5.51
67 Cet,34.246,-6.4221,5.51
θ Hyi,45.5642,-71.9025,5.51
ι Hyi,48.9893,-77.3885,5.51
ω¹ Tau,62.2915,19.6092,5.51
40 LMi,160.7579,26.3256,5.51
ο CrB,230.0357,29.6162,5.51
21 Oph,252.8539,1.2159,5.51
74 Her,260.088,46.2408,5.51
49 Dra,285.1811,55.6583,5.51
τ Aql,301.0346,7.278,5.51
18 Vul,302.6397,26.9042,5.51
19 Vul,302.9499,26.809,5.51
Musica,314.6081,10.8393,5.51
37 Peg,337.4914,4.4317,5.51
σ Ari,42.8733,15.0821,5.52
ρ For,56.9835,-30.1679,5.52
50 Per,62.1525,38.0397,5.52
5 Cam,73.7631,55.2591,5.52
18 Ori,79.0172,11.3414,5.52
116 Tau,81.94,15.8741,5.52
σ Col,89.0873,-31.3824,5.52
28 LMi,156.0359,33.7185,5.52
65 Leo,166.7259,1.9555,5.52
75 Vir,203.2152,-15.363,5.52
ο Ind,327.6967,-69.6294,5.52
15 Peg,328.1247,28.7935,5.52
26 Cep,336.7721,65.1323,5.52
1 Per,27.9971,55.1474,5.53
80 Cet,39.0002,-7.8316,5.53
ζ¹ Ret,49.4385,-62.5753,5.53
22 Eri,55.1597,-5.2107,5.53
72 Tau,66.8227,22.9963,5.53
μ Men,70.7665,-70.931,5.53
10 Lep,82.7818,-20.8637,5.53
122 Tau,84.2656,17.0403,5.53
18 Pup,122.666,-13.7992,5.53
μ¹ Cha,150.1829,-82.2147,5.53
95 Leo,178.9189,15.6468,5.53
40 Com,196.5942,22.6162,5.53
14 Boo,213.5216,12.9594,5.53
ζ⁴ Lib,233.2301,-16.8528,5.53
50 Lib,240.1985,-8.4114,5.53
25 Her,246.3507,37.3941,5.53
16 Dra,249.0476,52.9,5.53
28 Aql,289.914,12.3747,5.53
49 Cyg,310.2606,32.3073,5.53
12 Aqr,316.0197,-5.8231,5.53
12 Cep,326.8554,60.6927,5.53
49 Aqr,335.8785,-24.7627,5.53
77 Aqr,343.6895,-16.272,5.53
ο Gru,351.6524,-52.7216,5.53
34 Psc,2.5092,11.1458,5.54
π Psc,24.2746,12.1415,5.54
135 Tau,87.6204,14.3056,5.54
ε Men,111.4091,-79.0942,5.54
86 Leo,172.621,18.4098,5.54
70 UMa,185.2119,57.8641,5.54
φ Ser,239.3107,14.4145,5.54
11 Sge,299.4394,16.7892,5.54
16 Del,313.9107,12.5686,5.54
17 Peg,329.2349,12.0765,5.54
φ Gru,349.5411,-40.8244,5.54
86 Peg,1.4248,13.3963,5.55
65 Psc,12.4715,27.7103,5.55
ψ¹ Psc,16.4238,21.4654,5.55
11 Tri,36.8657,31.8013,5.55
62 Ari,50.5495,27.6076,5.55
12 Tau,54.963,3.0569,5.55
15 Hya,132.8934,-7.1772,5.55
83 Vir,206.1243,-16.1791,5.55
32 Boo,220.4313,11.6607,5.55
5 Aqr,313.0362,-5.5071,5.55
η Mic,316.6063,-41.386,5.55
14 Cep,330.5191,58.0004,5.55
30 Aqr,330.8186,-6.5224,5.55
53 Aqr,336.6428,-16.7421,5.55
15 And,353.6564,40.2364,5.55
ψ² Psc,16.9882,20.7391,5.56
5 Eri,44.9215,-2.465,5.56
25 Eri,56.2354,-0.2967,5.56
π¹ Dor,95.6594,-69.984,5.56
27 Cnc,126.6831,12.6546,5.56
33 Hya,143.636,-5.9149,5.56
59 UMa,174.5858,43.6254,5.56
κ Oct,205.2339,-85.786,5.56
83 Her,265.6182,24.5641,5.56
64 Ser,284.3191,2.5353,5.56
96 Aqr,349.8499,-5.1244,5.56
67 Peg,351.2118,32.3849,5.56
10 Cas,1.6105,64.1962,5.57
87 Peg,2.2601,18.212,5.57
ψ³ Psc,17.455,19.6584,5.57
32 Cas,17.9224,65.0189,5.57
43 Cas,25.5853,68.043,5.57
π¹ Hyi,33.5605,-67.8414,5.57
21 Ari,33.9283,25.043,5.57
63 And,35.2425,50.1515,5.57
6 UMa,134.1561,64.6038,5.57
δ Ant,157.3974,-30.6071,5.57
34 LMi,158.3788,34.9887,5.57
42 UMa,162.8489,59.3201,5.57
31 Vir,190.488,6.8066,5.57
ρ Oct,235.8174,-84.4653,5.57
π CrB,235.9971,32.5158,5.57
ι² Nor,242.3273,-57.9343,5.57
24 Oph,254.2002,-23.1503,5.57
50 Sgr,291.5798,-21.7767,5.57
13 Del,311.9514,6.0082,5.57
λ Cap,326.6337,-11.366,5.57
28 Cet,16.5214,-9.8394,5.58
θ Ari,34.5314,19.9012,5.58
ρ³ Ari,44.1089,18.0231,5.58
57 Tau,64.9904,14.0352,5.58
80 Tau,67.5358,15.6378,5.58
ι Pic,72.7306,-53.4615,5.58
70 Gem,114.6369,35.0485,5.58
φ¹ Cnc,126.6154,27.8936,5.58
81 Leo,171.4016,16.4565,5.58
6 Vir,178.7631,8.4439,5.58
24 Boo,217.158,49.8449,5.58
18 Sgr,276.256,-30.7566,5.58
δ¹ Lyr,283.4315,36.9717,5.58
36 Cyg,304.6194,36.9998,5.58
π¹ Peg,332.3068,33.1723,5.58
63 Peg,350.2065,30.4149,5.58
ξ Scl,15.3261,-38.9165,5.59
53 Cas,30.7508,64.39,5.59
δ² CMi,113.2986,3.2904,5.59
ε Pyx,137.4851,-30.3654,5.59
47 Boo,226.3577,48.151,5.59
ξ² Lup,239.2255,-33.9643,5.59
22 Aql,289.1293,4.8348,5.59
27 Vul,309.2695,26.4619,5.59
4 Cep,310.7958,66.6574,5.59
22 Psc,357.991,2.9304,5.59
47 And,20.9192,37.7149,5.6
35 Ori,83.4762,14.3056,5.6
137 Tau,88.0929,14.1718,5.6
ν Pic,95.7327,-56.37,5.6
3 Cnc,120.1971,17.3087,5.6
2 Hya,126.6134,-3.9875,5.6
19 Hya,137.1757,-8.5895,5.6
28 Hya,141.3501,-5.1174,5.6
5 Com,183.0387,20.5421,5.6
23 CVn,200.079,40.1505,5.6
81 UMa,203.5305,55.3484,5.6
η² CrA,282.3958,-43.4341,5.6
5 Vul,291.5552,20.0977,5.6
58 Aql,298.6867,0.2736,5.6
κ¹ Sgr,305.6146,-42.0495,5.6
28 Aqr,330.2709,0.6047,5.6
36 Peg,337.2833,9.129,5.6
16 Lac,344.0985,41.6039,5.6
ζ Men,100.0121,-80.8136,5.61
1 Hya,126.1459,-3.7512,5.61
43 Lyn,145.5015,39.7579,5.61
44 Leo,156.3133,8.7848,5.61
Cor Caroli B,194.002,38.3149,5.61
55 Hya,221.844,-25.6243,5.61
108 Her,275.2374,29.8589,5.61
20 Peg,330.2723,13.1198,5.61
φ⁴ Cet,14.6828,-11.38,5.62
49 Cet,23.6574,-15.6764,5.62
93 Cet,45.5938,4.3529,5.62
95 Cet,49.5934,-0.9303,5.62
32 Tau,59.217,22.478,5.62
15 Cnc,123.2869,29.6565,5.62
45 Cnc,130.8014,12.6809,5.62
4 Ser,228.9545,0.3721,5.62
κ² Ind,331.4624,-59.6361,5.62
π² Gru,335.783,-45.9285,5.62
υ Gru,346.7234,-38.8923,5.62
66 Ori,91.2432,4.1587,5.63
29 Lyn,124.4601,59.5711,5.63
κ² Vol,125.0023,-71.5054,5.63
π¹ UMa,129.7989,65.0209,5.63
49 Cnc,131.1877,10.0817,5.63
2 Boo,205.2598,22.4958,5.63
4 Sco,238.8753,-26.266,5.63
45 Ser,241.9064,9.8917,5.63
28 Her,248.1487,5.5212,5.63
40 Cyg,306.8928,38.4403,5.63
3 Equ,316.1444,5.5029,5.63
11 Peg,326.8082,2.6861,5.63
73 Peg,353.6592,33.4973,5.63
Alrakis,256.3307,54.4691,5.63
21 Cas,11.4129,74.9881,5.64
72 Psc,16.2723,14.9461,5.64
10 Ari,30.9139,25.9355,5.64
64 Cet,32.8378,8.5698,5.64
31 Ari,39.158,12.4476,5.64
51 Tau,64.5967,21.5793,5.64
63 Tau,65.8544,16.7773,5.64
15 Leo,145.8886,29.9745,5.64
18 Sex,152.7328,-8.4185,5.64
π Cha,174.3161,-75.8965,5.64
40 Boo,224.904,39.2653,5.64
ζ¹ Lib,232.0642,-16.7165,5.64
κ² Aps,235.089,-73.4467,5.64
51 Sgr,294.0069,-24.7191,5.64
45 Aql,295.1805,-0.6212,5.64
κ² Sgr,305.9716,-42.4229,5.64
38 Peg,337.5075,32.5726,5.64
66 Cet,33.1981,-2.3936,5.65
81 Cet,39.4242,-3.3962,5.65
π Men,84.2874,-80.4691,5.65
33 Vir,191.5939,9.5397,5.65
71 Vir,202.3042,10.8183,5.65
59 Hya,224.6636,-27.6573,5.65
π¹ Oct,225.4613,-83.2276,5.65
π² Oct,226.1957,-83.0383,5.65
ν² Lup,230.4526,-48.3176,5.65
1 Sge,288.8223,21.2321,5.65
19 Peg,330.2885,8.2572,5.65
18 Tau,56.2906,24.8393,5.66
31 Tau,58.001,6.5349,5.66
43 UMa,162.796,56.5823,5.66
4 Com,182.9632,25.8703,5.66
6 Crv,185.8399,-24.8407,5.66
78 Her,262.9566,28.4075,5.66
4 Peg,324.6331,5.7717,5.66
26 Aqr,325.5421,1.2853,5.66
44 And,17.5782,42.0815,5.67
π² Hyi,33.8691,-67.7464,5.67
δ Men,64.4966,-80.214,5.67
120 Tau,83.3818,18.5402,5.67
63 Ori,91.2424,5.42,5.67
σ¹ Cnc,133.1443,32.4742,5.67
18 Leo,146.5972,11.81,5.67
49 Leo,158.759,8.6504,5.67
46 Boo,227.0991,26.3012,5.67
12 Sco,243.0668,-28.4173,5.67
κ¹ CrA,278.3464,-38.726,5.67
48 Dra,284.1878,57.8149,5.67
ε Sge,294.3225,16.4628,5.67
62 Aql,301.0965,-0.7093,5.67
15 Ari,32.6566,19.5003,5.68
13 Tau,55.5789,19.7003,5.68
35 Gem,102.6062,13.4132,5.68
γ¹ Vol,107.1765,-70.4971,5.68
ο² Cnc,134.3967,15.5813,5.68
73 UMa,186.8963,55.7127,5.68
20 Com,187.4302,20.8961,5.68
84 UMa,206.6486,54.4327,5.68
108 Vir,221.3759,0.7173,5.68
39 Boo,222.4221,48.7208,5.68
33 Sgr,283.5004,-21.3598,5.68
14 Vul,299.7939,23.1013,5.68
τ¹ Aqr,341.9282,-14.0564,5.68
5 And,346.9389,49.2958,5.68
2 Cas,347.4339,59.3327,5.68
16 Psc,354.097,2.1022,5.68
51 Psc,8.0991,6.9555,5.69
τ Scl,24.0354,-29.9073,5.69
56 And,29.0389,37.2518,5.69
ζ For,44.9007,-25.2741,5.69
μ Pic,97.993,-58.7538,5.69
10 Pup,118.0787,-14.8462,5.69
χ² Hya,166.4899,-27.2879,5.69
2 CVn,184.0314,40.6602,5.69
θ Aps,211.3335,-76.7968,5.69
47 Ser,242.117,8.5343,5.69
63 Sgr,300.4942,-13.6372,5.69
θ Del,309.6833,13.3151,5.69
δ Mic,316.5048,-30.1251,5.69
79 Cyg,325.8569,38.2836,5.69
23 Peg,331.3945,28.964,5.69
32 Psc,0.6238,8.4855,5.7
38 Cet,18.7049,-0.9738,5.7
2 Per,28.039,50.7928,5.7
3 Per,29.6396,49.2044,5.7
κ² Cet,50.2784,3.6756,5.7
51 Aur,99.6648,39.3909,5.7
67 Leo,167.2045,24.6585,5.7
25 Com,189.2431,17.0895,5.7
80 Vir,203.8804,-5.3962,5.7
86 UMa,208.4626,53.7287,5.7
4 Lib,220.8065,-24.9978,5.7
κ² Lup,227.9904,-48.7437,5.7
73 Her,261.0274,22.9603,5.7
57 Aql,298.6569,-8.2273,5.7
68 Dra,302.8951,62.0785,5.7
37 Cap,323.7127,-20.0843,5.7
τ Phe,0.2691,-48.8099,5.71
23 And,3.3786,41.0354,5.71
30 Cet,16.9425,-9.7856,5.71
χ² For,51.8892,-35.6813,5.71
45 Tau,62.8345,5.523,5.71
46 Eri,68.478,-6.7389,5.71
36 Aur,90.244,47.9019,5.71
ν¹ CMa,99.0952,-18.6599,5.71
υ¹ Cnc,127.8772,24.0811,5.71
29 Com,192.2259,14.1226,5.71
7 Boo,208.3039,17.9329,5.71
υ Ser,236.8222,14.1153,5.71
73 Oph,272.3912,3.9933,5.71
θ Pav,282.1581,-65.0777,5.71
10 Sge,299.0053,16.6348,5.71
71 Dra,304.9029,62.2575,5.71
19 Aqr,321.3043,-9.7486,5.71
12 Cet,7.5098,-3.9573,5.72
ξ Phe,10.4431,-56.5013,5.72
19 Ari,33.2638,15.2799,5.72
84 Cet,40.3083,-0.6957,5.72
60 Tau,65.5146,14.0772,5.72
131 Tau,86.8048,14.4883,5.72
η¹ Dor,91.539,-66.0396,5.72
3 Hya,128.8675,-7.9823,5.72
5 UMa,133.344,61.9623,5.72
3 Leo,142.1216,8.1883,5.72
11 Vir,182.5142,5.807,5.72
16 Her,243.8693,18.8081,5.72
τ³ Gru,344.1992,-47.9692,5.72
γ² Oct,359.3874,-82.1698,5.72
γ Hor,41.3644,-63.7046,5.73
55 Per,66.1215,34.1308,5.73
41 Gem,105.0659,16.079,5.73
ψ Cnc,122.6133,25.5073,5.73
8 Leo,144.2608,16.438,5.73
62 UMa,175.3929,31.7461,5.73
ζ¹ Mus,185.5501,-68.3073,5.73
1 Boo,205.1686,19.9557,5.73
4 Her,238.8775,42.5662,5.73
50 Her,252.6623,29.8065,5.73
84 Her,265.8399,24.3278,5.73
ζ² Lyr,281.2008,37.5946,5.73
ι¹ Cyg,291.8582,52.3204,5.73
43 Cyg,306.7594,49.3834,5.73
8 PsA,324.0457,-26.1715,5.73
77 Cyg,325.5956,41.077,5.73
96 G. Psc,12.0957,5.2806,5.74
77 Cet,38.6776,-7.8594,5.74
ι¹ For,39.0386,-30.045,5.74
μ Ari,40.5914,20.0115,5.74
55 Ari,47.4031,29.0771,5.74
1 Lep,75.6874,-22.7951,5.74
37 Gem,103.8278,25.3757,5.74
32 UMa,154.5087,65.1084,5.74
85 Leo,172.4244,15.4133,5.74
10 Her,242.9085,23.4948,5.74
14 Oph,250.427,1.1812,5.74
26 Oph,255.0396,-24.9891,5.74
41 Dra,270.0379,80.0041,5.74
13 Cep,328.7215,56.6112,5.74
8 Per,34.4994,57.8998,5.75
ρ¹ Eri,45.2918,-7.663,5.75
3 Gem,92.4333,23.1135,5.75
48 Aur,97.142,30.493,5.75
47 Gem,107.8461,26.8566,5.75
53 Gem,108.9882,27.8974,5.75
ζ¹ Ant,142.6921,-31.8892,5.75
11 Sco,241.9017,-12.7454,5.75
Alruba,265.9965,53.8017,5.75
π Aql,297.1752,11.8159,5.75
μ¹ Pav,300.0963,-66.9494,5.75
76 Dra,310.6463,82.5312,5.75
44 Aqr,334.2771,-5.3872,5.75
25 Cep,334.5526,62.8044,5.75
13 And,351.7808,42.912,5.75
p Eridani,24.9475,-56.1964,5.76
7 Ari,28.9627,23.5773,5.76
11 Per,40.7618,55.106,5.76
ρ² Ari,43.9521,18.3316,5.76
6 Tau,53.1498,9.3734,5.76
Asterope,56.477,24.5545,5.76
59 Eri,72.1356,-16.3295,5.76
68 Ori,93.0056,19.7905,5.76
53 Aur,99.5959,28.9844,5.76
33 Lyn,128.6829,36.4196,5.76
89 Leo,173.5915,3.0602,5.76
30 Com,192.3227,27.5524,5.76
66 Vir,201.1385,-5.164,5.76
10 Boo,209.6622,21.6962,5.76
57 Hya,221.9898,-26.6462,5.76
Merga,222.3278,46.1162,5.76
79 Her,264.3796,24.31,5.76
56 Aql,298.5345,-8.5742,5.76
θ² Mic,321.1034,-41.0067,5.76
50 Aqr,336.1128,-13.5294,5.76
34 Peg,336.6558,4.3938,5.76
υ Oct,337.9075,-85.9673,5.76
52 Peg,344.7992,11.7288,5.76
44 Psc,6.3509,1.9397,5.77
56 Per,66.1561,33.9597,5.77
117 Tau,82.0067,17.2391,5.77
59 Gem,111.1394,27.6379,5.77
22 UMa,143.7226,72.2057,5.77
19 Sex,153.2015,4.6147,5.77
35 Sex,160.8372,4.7477,5.77
19 CVn,198.8832,40.8552,5.77
48 Hya,210.0006,-25.0104,5.77
12 Oph,249.0894,-2.3246,5.77
37 Her,250.1612,4.2198,5.77
12 And,350.2218,38.1823,5.77
21 Psc,357.3645,1.0761,5.77
80 Peg,357.8385,9.3134,5.77
44 Cas,25.8323,60.5513,5.78
λ² For,39.2442,-34.578,5.78
ο Ari,41.1374,15.3119,5.78
56 Ari,48.0594,27.257,5.78
ν Men,65.2418,-81.5799,5.78
1 Cam,68.0077,53.9108,5.78
89 Tau,69.5393,16.0333,5.78
56 Eri,71.0222,-8.5036,5.78
41 Aur,92.9024,48.711,5.78
Tonatiuh,181.3118,76.9057,5.78
ξ¹ Lib,223.5953,-11.8983,5.78
ζ Nor,243.3448,-55.5409,5.78
24 UMi,262.6958,86.968,5.78
19 Cap,313.6992,-17.9229,5.78
35 Cap,321.8118,-21.1962,5.78
20 Ari,33.9418,25.7829,5.79
268 G. Cet,39.0204,6.8869,5.79
99 Tau,74.4527,23.9486,5.79
98 Tau,74.5391,25.0504,5.79
32 LMi,157.5269,38.9251,5.79
39 UMa,160.9305,57.1992,5.79
44 Vir,194.9146,-3.8119,5.79
100 Her,271.9563,26.0973,5.79
35 Aql,292.2541,1.9504,5.79
25 Peg,331.9596,21.7029,5.79
51 Aqr,336.0287,-4.837,5.79
85 Peg,0.5421,27.0823,5.8
66 Psc,13.6468,19.1884,5.8
45 And,17.7928,37.7241,5.8
47 Ari,44.5217,20.6687,5.8
17 CMa,103.7614,-20.4049,5.8
19 Lyn,110.7169,55.2814,5.8
1 Cnc,119.2477,15.7903,5.8
41 Sex,162.5752,-8.8978,5.8
τ⁷ Ser,235.478,18.464,5.8
υ CrB,244.1866,29.1503,5.8
53 Oph,263.6529,9.5867,5.8
15 Sge,301.026,17.0702,5.8
35 Aqr,332.2458,-18.5196,5.8
74 Aqr,343.3696,-11.6165,5.8
p Eridani,24.945,-56.1946,5.8
39 Leo,154.3107,23.1062,5.81
Dziban B,265.4919,72.1569,5.81
9 Equ,320.2701,7.3545,5.81
10 And,349.9684,42.078,5.81
38 Cas,22.8067,70.2646,5.82
6 Eri,44.5239,-23.606,5.82
71 UMa,186.2634,56.7778,5.82
ζ³ Lib,232.6683,-16.6095,5.82
8 Vul,292.2378,24.7687,5.82
1 Ari,27.5357,22.2753,5.83
40 Ari,42.1337,18.2838,5.83
5 Gem,92.8846,24.4203,5.83
δ³ CMi,113.5662,3.3717,5.83
66 UMa,178.9934,56.5986,5.83
60 Hya,225.5268,-28.0606,5.83
21 Her,246.0451,6.9482,5.83
77 Her,261.6843,48.2601,5.83
100 Her,271.9565,26.1013,5.83
15 Aqr,319.5461,-4.5195,5.83
21 Peg,330.8293,11.3866,5.83
ρ¹ Cep,336.6768,78.7859,5.83
ι² For,39.5777,-30.1941,5.84
ξ Men,74.7124,-82.4705,5.84
105 Tau,76.981,21.7048,5.84
52 Gem,108.6749,24.885,5.84
38 LMi,159.7819,37.91,5.84
ρ² Sgr,290.4621,-18.3084,5.84
ξ² Cap,303.1078,-12.6175,5.84
40 Peg,339.7191,19.5223,5.84
ψ⁹ Aur,104.1336,46.274,5.85
48 Gem,108.1099,24.1286,5.85
12 Vir,183.3581,10.2623,5.85
σ² Gru,339.2452,-40.591,5.85
4 Ari,27.0456,16.9556,5.86
6 Lyn,97.6963,58.1626,5.86
ψ Ser,236.0076,2.5152,5.86
4 Cap,304.5058,-21.81,5.86
42 Cet,19.9512,-0.509,5.87
11 Lyn,99.41,56.8575,5.87
33 Gem,102.4577,16.2029,5.87
64 Aur,109.5092,40.8834,5.87
ω¹ Cnc,120.2328,25.3928,5.87
7 LMi,142.6801,33.6557,5.87
3 Sco,238.6647,-25.2437,5.87
16 Aqr,320.268,-4.5601,5.87
54 Psc,9.8409,21.2505,5.88
ε For,45.4067,-28.0916,5.88
θ Ret,64.4178,-63.2554,5.88
12 Lep,85.5582,-22.3737,5.88
47 Aur,97.5124,46.6856,5.88
12 Mon,98.08,4.856,5.88
25 Vir,189.1973,-5.8319,5.88
65 Vir,200.8287,-4.9244,5.88
18 Lib,224.7233,-11.144,5.88
ω Oct,227.7867,-84.7878,5.88
57 Sgr,298.05,-19.045,5.88
44 Cap,325.7683,-14.3997,5.88
60 Aqr,338.5121,-1.5743,5.88
53 Psc,9.1971,15.2317,5.89
112 Psc,30.0382,3.097,5.89
13 Tri,37.2021,29.9318,5.89
59 Ori,89.6018,1.8371,5.89
30 Lyn,125.1085,57.7433,5.89
50 Cnc,131.7334,12.11,5.89
66 Cnc,135.3505,32.2523,5.89
27 LMi,155.7764,33.9081,5.89
2 Com,181.0692,21.4592,5.89
κ Cru,193.4538,-60.3762,5.89
64 Vir,200.5404,5.1548,5.89
η¹ TrA,250.3463,-68.2961,5.89
9 Sgr,270.9685,-24.3607,5.89
5 Aql,281.6191,-0.9617,5.89
υ Aql,296.4164,7.6132,5.89
9 Cas,1.0569,62.2877,5.9
λ² Scl,11.0502,-38.4217,5.9
39 Tau,61.3344,22.0089,5.9
76 Tau,67.0975,14.741,5.9
39 Aur,91.2641,42.9816,5.9
33 LMi,157.9641,32.3796,5.9
76 Leo,169.729,1.6504,5.9
13 Vir,184.668,-0.7872,5.9
92 Vir,209.1162,1.0506,5.9
42 Cyg,307.335,36.4547,5.9
λ¹ For,38.2793,-34.65,5.91
49 Ari,45.4756,26.4624,5.91
59 Ari,49.9825,27.0711,5.91
σ For,56.6143,-29.3382,5.91
26 CMa,108.0509,-25.9426,5.91
ζ² Ant,142.884,-31.8718,5.91
17 Sex,152.5314,-8.4082,5.91
55 Leo,163.9267,0.7369,5.91
56 Leo,164.0061,6.1854,5.91
17 CVn,197.5134,38.499,5.91
26 Boo,218.1356,22.2601,5.91
10 Aql,284.6955,13.9066,5.91
20 Vul,303.0029,26.4788,5.91
17 Cap,311.5416,-21.514,5.91
14 Lac,342.5907,41.9534,5.91
6 And,347.6135,43.5442,5.91
14 Psc,353.5376,-1.2476,5.91
62 Psc,12.0725,7.2999,5.92
η² For,42.5616,-35.8436,5.92
57 Ori,88.7362,19.7496,5.92
16 Mon,101.6351,8.5872,5.92
Piautos,125.1339,24.0223,5.92
36 Cnc,129.2741,9.6556,5.92
39 Her,250.4029,26.9169,5.92
34 Cet,17.9313,-2.2511,5.93
ψ For,43.3933,-38.437,5.93
26 Cam,86.6266,56.1156,5.93
51 Cam,116.6669,65.4557,5.93
25 Sex,155.8603,-4.074,5.93
κ Crt,171.7897,-12.3567,5.93
τ⁵ Ser,234.1218,16.1191,5.93
61 Ser,277.9875,-1.003,5.93
ν¹ Lyr,282.4413,32.8128,5.93
19 Lyr,287.9417,31.2835,5.93
69 Cyg,321.4459,36.6674,5.93
24 Psc,358.2315,-3.1555,5.93
14 Cet,8.8868,-0.5056,5.94
63 Cet,32.8993,-1.8254,5.94
8 Lyn,99.423,61.4812,5.94
61 Gem,111.7347,20.2576,5.94
20 Cnc,125.841,18.3322,5.94
29 Cnc,127.1556,14.2108,5.94
58 UMa,172.6298,43.1732,5.94
ο Cap,307.4746,-18.5832,5.94
4 Equ,316.3613,5.9582,5.94
39 And,15.7261,41.3452,5.95
7 Tau,53.6109,24.4644,5.95
5 Aur,75.0764,39.3947,5.95
75 Cnc,137.1972,26.6291,5.95
35 Leo,154.1346,23.5031,5.95
62 Leo,165.9025,-0.0008,5.95
90 Leo,173.677,16.7969,5.95
10 Vir,182.4221,1.8979,5.95
10 CVn,191.2478,39.2789,5.95
50 Vir,197.4387,-10.3293,5.95
47 Lib,238.7515,-19.3829,5.95
79 Peg,357.4141,28.8424,5.95
61 Cet,30.9507,-0.3403,5.96
μ¹ Cnc,121.5767,22.6355,5.96
Copernicus,133.1494,28.3308,5.96
16 Sgr,273.804,-20.388,5.96
37 Dra,273.8211,68.7558,5.96
74 Dra,307.364,81.0913,5.96
45 Cap,326.004,-14.7494,5.96
45 Aqr,334.7531,-13.305,5.96
η CrB,230.7995,30.2862,5.96
33 Cet,17.6398,2.4457,5.97
87 Psc,18.5318,16.1335,5.97
21 Eri,54.7547,-5.6262,5.97
38 Com,195.2901,17.1231,5.97
3 Boo,206.6805,25.7022,5.97
64 Aql,302.0076,-0.6782,5.97
6 PsA,323.0607,-33.9446,5.97
60 Psc,11.8485,6.741,5.98
105 Psc,24.9201,16.4059,5.98
55 Eri,70.8948,-8.7943,5.98
9 And,349.5972,41.7737,5.98
7 Per,34.5191,57.5163,5.99
κ Hyi,35.7184,-73.6458,5.99
5 Cnc,120.3762,16.4553,5.99
46 Vir,195.1498,-3.3685,5.99
16 Cyg,295.4542,50.5251,5.99
μ¹ Oct,310.511,-76.1806,5.99
4 Aqr,312.8573,-5.6266,5.99
17 Aqr,320.7344,-9.3193,5.99
21 PsA,342.8373,-29.5363,5.99
69 Peg,351.9183,25.1673,5.99
52 Cas,30.7187,64.9015,6.0
29 Ari,38.2256,15.0346,6.0
129 Tau,86.6896,15.8225,6.0
44 Gem,106.3265,22.6375,6.0
39 Com,196.5885,21.1534,6.0
τ⁶ Ser,235.2462,16.0246,6.0
47 Cap,326.5678,-9.2759,6.0
18 Peg,330.033,6.7174,6.0
97 Psc,22.4703,18.3557,6.01
11 Ari,31.7051,25.7046,6.01
16 Ari,32.8002,25.9369,6.01
τ For,54.6986,-27.9431,6.01
85 Tau,67.9656,15.8516,6.01
6 Sex,147.8085,-4.2434,6.01
45 Leo,156.9125,9.7624,6.01
φ² Hya,159.0694,-16.3443,6.01
51 UMa,166.1302,38.2414,6.01
73 Vir,203.0117,-18.7289,6.01
10 Del,310.3175,14.5829,6.01
15 Del,312.4074,12.5451,6.01
35 Psc,3.7452,8.821,6.02
54 Aur,99.888,28.2631,6.02
62 Aur,104.7619,38.0523,6.02
53 Cam,120.427,60.3244,6.02
7 Sex,148.0507,2.4541,6.02
76 UMa,190.3914,62.713,6.02
37 Vir,192.9037,3.0568,6.02
16 Oph,251.3736,1.0202,6.02
73 Psc,16.2193,5.6563,6.03
66 Ari,52.1107,22.804,6.03
4 CVn,185.946,42.5427,6.03
ω² Aql,289.9711,11.535,6.03
11 Cyg,293.9513,36.9445,6.03
1 Del,307.5748,10.8959,6.03
τ¹ Gru,343.4078,-48.5983,6.03
88 Psc,18.6766,6.9951,6.04
ι Men,83.9006,-78.8208,6.04
79 Cnc,137.5869,21.9964,6.04
Xihe,280.9004,36.5566,6.04
39 Aqr,333.1073,-14.194,6.04
ρ Ind,343.6647,-70.0737,6.04
48 Psc,7.0529,16.4451,6.05
λ¹ Scl,10.6787,-38.4635,6.05
τ² Hyi,26.9444,-80.1763,6.05
55 Cas,33.6213,66.5244,6.05
33 Tau,59.2659,23.1756,6.05
24 Cam,85.757,56.5815,6.05
4 Lyn,95.5148,59.3721,6.05
28 Cnc,127.1533,24.1449,6.05
44 LMi,162.4739,27.9739,6.05
61 Cyg,316.7274,38.7421,6.05
26 Cet,15.9543,1.3668,6.06
2 Pup,116.3714,-14.6905,6.06
43 Leo,155.7519,6.5426,6.06
56 Her,253.759,25.7307,6.06
β Mic,312.9948,-33.178,6.06
65 Ari,51.1088,20.8035,6.07
49 Per,62.0642,37.7275,6.07
12 CMa,101.7562,-21.0154,6.07
17 Hya,133.8734,-7.9712,6.07
67 Cnc,135.4535,27.9026,6.07
75 UMa,187.5177,58.7678,6.07
ι² Lib,228.33,-19.6476,6.07
39 Ser,238.3004,13.1966,6.07
43 Ser,240.9404,4.9868,6.07
19 Oph,251.7906,2.0645,6.07
21 Cap,315.2157,-17.5309,6.07
6 Equ,317.6305,10.0489,6.07
76 Cyg,325.3927,40.8052,6.07
θ Phe,354.8664,-46.6378,6.07
67 Psc,13.9938,27.2094,6.08
12 Cam,76.5506,59.0213,6.08
38 Aur,90.8247,42.9116,6.08
8 Aql,282.8423,-3.3179,6.08
27 Cet,16.4037,-9.9793,6.09
59 And,32.7201,39.0395,6.09
57 Per,68.3538,43.0639,6.09
96 Tau,72.4337,15.9042,6.09
8 Cam,74.9431,53.1555,6.09
110 Tau,80.9071,16.6993,6.09
8 Gem,94.0794,23.97,6.09
23 Lyn,115.2064,57.0829,6.09
60 UMa,174.6397,46.8342,6.09
ζ Cir,223.6774,-65.9911,6.09
μ² Cyg,326.0326,28.7431,6.09
26 And,4.6757,43.7911,6.1
κ Pic,80.5923,-56.1344,6.1
59 Aur,103.2559,38.8692,6.1
21 Hya,138.1085,-7.1098,6.1
20 Leo,147.4587,21.1794,6.1
72 Vir,202.6072,-6.4703,6.1
τ³ Ser,233.8885,17.6556,6.1
γ Ind,321.5643,-54.6605,6.1
7 PsA,324.2033,-33.0479,6.1
θ Tuc,8.3469,-71.2662,6.11
59 Psc,11.8068,19.5787,6.11
7 Eri,45.212,-2.8786,6.11
11 Tau,55.193,25.3295,6.11
21 Cnc,125.98,10.6321,6.11
25 Cnc,126.4578,17.0463,6.11
ψ Crt,168.1266,-18.4999,6.11
34 Vir,191.8068,11.9581,6.11
38 Vir,193.2965,-3.5531,6.11
8 Ser,230.9321,-1.0224,6.11
40 Dra,270.0142,80.0008,6.11
18 Sge,304.0824,21.5987,6.11
1 Psc,343.7479,1.0649,6.11
36 Psc,4.1418,8.2402,6.12
ω Phe,15.5076,-57.0024,6.12
14 Pup,121.1726,-19.7281,6.12
46 Cnc,131.3393,30.6978,6.12
13 LMi,145.6781,35.0934,6.12
68 Aql,307.1038,-3.3578,6.12
19 PsA,340.592,-29.361,6.12
53 Ari,46.857,17.88,6.13
14 Tau,55.9467,19.665,6.13
15 Cam,79.8661,58.1174,6.13
22 Pup,125.6952,-13.0548,6.13
10 Hya,131.2553,5.6806,6.13
8 Her,242.1943,17.2056,6.13
κ¹ Ind,329.6253,-59.0121,6.13
75 Psc,16.6401,12.956,6.14
26 Ari,37.6601,19.8553,6.14
γ¹ For,42.4624,-24.5603,6.14
14 Eri,49.149,-9.1547,6.14
60 Ari,50.1066,25.6627,6.14
30 Cam,88.0719,58.9641,6.14
ο Lib,230.2557,-15.5483,6.14
18 Cet,11.3695,-12.8808,6.15
21 Cet,13.5733,-8.7407,6.15
σ Hyi,28.9596,-78.3485,6.15
13 Ori,76.9096,9.4718,6.15
17 Aur,79.5787,33.7673,6.15
19 Cam,84.3128,64.1547,6.15
ν¹ Col,84.3188,-27.8714,6.15
1 Mon,89.7545,-9.3822,6.15
π¹ Col,91.671,-42.2988,6.15
43 LMi,162.2385,29.4161,6.15
τ⁸ Ser,236.1756,17.2642,6.15
10 Cet,6.6559,-0.0495,6.16
66 And,36.9657,50.57,6.16
42 Leo,155.4596,14.9758,6.16
28 Lib,230.2237,-18.1587,6.16
61 Oph,266.1421,2.5794,6.16
23 Cam,86.0352,61.4765,6.17
58 Gem,110.8672,22.9453,6.17
π Ind,329.0585,-57.8996,6.17
13 Cas,7.855,66.5196,6.18
95 Tau,70.8073,24.0889,6.18
82 Gem,117.1402,23.141,6.18
85 Vir,206.3961,-15.7675,6.18
104 Vir,216.8516,-6.1203,6.18
26 Lib,228.6407,-17.7686,6.18
82 Aqr,345.6357,-6.574,6.18
9 LMi,143.3765,36.4869,6.19
48 LMi,163.6757,25.4907,6.19
η Oct,164.8089,-84.5939,6.19
61 Her,255.8759,35.414,6.19
3 Peg,324.4318,6.6184,6.19
70 Aqr,342.1259,-10.5555,6.19
60 Peg,347.955,26.8473,6.19
39 Gem,104.6976,26.0811,6.2
32 Lyn,128.3406,36.4364,6.2
14 Sex,151.6976,5.6115,6.2
63 Her,257.7632,24.2377,6.2
69 Dra,299.9028,76.4814,6.2
33 Peg,335.9148,20.8482,6.2
78 Aqr,343.6422,-7.2046,6.2
44 Cet,21.0106,-8.0074,6.21
27 Ari,37.7266,17.7039,6.21
7 CVn,187.5122,51.5356,6.21
44 Cyg,307.7468,36.9358,6.21
11 Aqr,315.141,-4.7303,6.21
53 Aqr,336.6446,-16.7424,6.21
η Car,161.265,-59.6842,6.21
16 Gem,96.9861,20.4963,6.22
27 Vir,190.3933,10.4263,6.22
2 Lib,215.8568,-11.714,6.22
τ² Ser,233.0403,16.0562,6.22
97 Her,270.6256,22.9232,6.22
26 Sgr,280.4651,-23.8334,6.22
3 Psc,345.1579,0.1859,6.22
26 Psc,358.7825,7.071,6.22
78 Psc,17.0055,32.0121,6.23
101 Psc,23.9435,14.6614,6.23
113 Tau,81.5238,16.7002,6.23
11 Boo,210.2937,27.3866,6.23
81 Aqr,345.3485,-7.0612,6.23
5 Tri,32.8542,31.5264,6.24
54 Ari,47.088,18.7951,6.24
9 Gem,94.2446,23.7409,6.24
4 Sex,147.6253,4.3437,6.24
9 Sge,298.0907,18.6719,6.24
100 Aqr,352.9252,-21.3695,6.24
42 Psc,5.6062,13.4825,6.25
10 Per,36.3168,56.6098,6.25
25 Lyn,118.6219,47.386,6.25
12 Cnc,122.1769,13.6409,6.25
53 Cnc,133.1191,28.2592,6.25
61 Cnc,134.4944,30.2338,6.25
33 Sex,160.3508,-1.7415,6.25
11 CVn,192.1743,48.4668,6.25
41 Vir,193.4571,12.4184,6.25
15 CVn,197.4251,38.5339,6.25
Marsic B,242.0206,17.0544,6.25
Gumala,288.8884,-24.1794,6.25
τ Pav,289.1192,-69.1908,6.25
ψ Aql,296.1425,13.3028,6.25
27 Cap,317.3875,-20.5567,6.25
108 Tau,78.8652,22.2849,6.26
θ Pic,81.1929,-52.3162,6.26
20 Gem,98.0773,17.7843,6.26
13 Leo,145.4104,25.9129,6.26
8 Com,184.83,23.0347,6.26
54 Vir,198.3618,-18.8264,6.26
55 Dra,287.4408,65.9785,6.26
20 Cap,314.9006,-19.0353,6.26
9 Psc,351.8116,1.1226,6.26
74 Peg,354.4156,16.8255,6.26
109 Psc,26.2326,20.0831,6.27
36 Sex,161.2894,2.488,6.27
88 Leo,172.9373,14.3645,6.27
10 Lib,222.9638,-18.3553,6.27
57 Her,254.3794,25.3528,6.27
6 Sgr,270.3463,-17.1569,6.27
2 Sge,291.092,16.9377,6.27
65 Dra,300.5841,64.6344,6.27
45 Peg,341.3674,19.3666,6.27
76 Psc,16.5467,32.1815,6.28
84 Tau,67.78,15.105,6.28
22 Com,188.3926,24.283,6.28
40 Ser,238.6678,8.5803,6.28
29 Oph,255.4636,-18.8855,6.28
σ¹ Gru,339.1221,-40.5827,6.28
65 Peg,350.6688,20.8287,6.28
1 Cet,359.5884,-15.8475,6.28
Citalá,105.0752,-5.3672,6.29
Meleph,130.1125,19.5448,6.29
35 LMi,159.0892,36.3269,6.29
20 Vir,188.262,10.2957,6.29
7 Ser,230.5968,12.5675,6.29
30 Sgr,282.7104,-22.1622,6.29
μ Tel,292.6441,-55.1101,6.29
25 Psc,358.2698,2.0906,6.29
φ² Cnc,126.6961,26.9355,6.3
3 Cap,304.095,-12.3371,6.3
76 Peg,355.6827,16.3357,6.3
48 Tau,63.9428,15.4007,6.31
37 Hya,144.9475,-10.5703,6.31
λ UMi,259.2385,89.0377,6.31
κ² CrA,278.3462,-38.72,6.31
γ² Cae,76.109,-35.7051,6.32
60 Aur,103.3058,38.438,6.32
ω² Cnc,120.4323,25.0895,6.32
21 Pup,124.3464,-16.2851,6.32
7 Leo,143.9704,14.3796,6.32
35 UMa,157.4768,65.6262,6.32
32 Com,193.0511,17.0739,6.32
48 Cyg,309.3824,31.5725,6.32
14 Del,312.4511,7.8642,6.32
31 Psc,0.6007,8.9568,6.33
35 Cas,20.2718,64.6581,6.33
τ¹ Hyi,25.3388,-79.1482,6.33
43 Aur,94.5703,46.3604,6.33
26 Sex,156.6538,-0.9881,6.33
5 Lib,221.4907,-15.4595,6.33
53 Sgr,294.9561,-23.4277,6.33
46 Aql,295.5534,12.1933,6.33
41 Peg,339.9459,19.6811,6.33
71 Cet,36.2433,-2.78,6.34
62 Tau,65.999,24.301,6.34
41 UMa,161.5938,57.3659,6.34
68 UMa,182.9371,57.0544,6.34
7 Vul,292.3371,20.2797,6.34
ξ¹ Cap,302.9912,-12.3924,6.34
77 Psc,16.4551,4.9084,6.35
ζ Cae,71.9566,-30.0204,6.35
28 Lyn,121.7914,43.2604,6.35
υ² Cnc,128.2505,24.0848,6.35
80 Leo,171.4586,3.8601,6.35
9 CVn,189.6928,40.8747,6.35
11 Psc,352.3624,-1.7912,6.35
47 Cam,110.5716,59.902,6.36
54 Cnc,132.7561,15.3507,6.36
50 LMi,164.1435,25.5002,6.36
20 UMi,243.134,75.2107,6.36
56 Aqr,337.5723,-14.5857,6.36
8 Pup,117.9204,-12.8194,6.37
5 Per,32.8716,57.6455,6.38
19 Gem,97.906,15.9035,6.38
9 Com,184.8731,28.1569,6.38
20 Aqr,321.2153,-3.3984,6.38
9 Cet,5.7158,-12.2094,6.39
χ¹ For,51.4827,-35.9209,6.39
39 Cnc,130.0267,20.0078,6.39
29 Aqr,330.6094,-16.9648,6.39
58 Aqr,337.9222,-10.9056,6.39
61 Aqr,338.9534,-17.4604,6.39
13 Psc,352.9899,-1.0859,6.39
46 Psc,6.9936,19.514,6.4
32 Cet,17.5498,-8.9061,6.4
36 Ari,41.0796,17.7639,6.4
40 Gem,104.8664,25.9142,6.4
34 Hya,144.4646,-9.4244,6.4
3 Com,182.6318,16.8093,6.4
20 Dra,254.1054,65.0391,6.4
24 Aql,289.7123,0.339,6.4
26 Vul,309.0347,25.8826,6.4
67 Aqr,340.8094,-6.9629,6.4
22 Lib,226.7044,-16.4844,6.41
ι Pic,72.7355,-53.4597,6.42
24 Mon,108.8309,-0.1613,6.42
36 LMi,159.4678,34.0786,6.42
Groombridge 1830,178.2423,37.7187,6.42
35 Vir,191.9642,3.5727,6.42
π¹ Gru,335.6842,-45.9479,6.42
22 Tau,56.5121,24.5279,6.43
Mago,77.4027,69.6394,6.43
13 Sex,151.0351,3.2011,6.43
34 Leo,152.9092,13.3551,6.43
3 UMi,211.7352,74.5938,6.43
ζ PsA,337.724,-26.0738,6.43
39 Peg,338.1478,20.23,6.43
29 Cet,16.9986,1.993,6.44
Revati B,18.4386,7.5783,6.44
70 Tau,66.4055,15.941,6.44
18 Cam,83.1406,57.2211,6.44
14 Mon,98.693,7.5725,6.44
13 Cnc,122.5546,25.8445,6.44
19 Leo,146.8582,11.5682,6.44
34 Her,247.5252,48.9611,6.44
Chechia,304.025,4.5808,6.44
22 Aur,80.8453,28.9368,6.45
7 Lyn,98.6367,55.353,6.45
25 Gem,100.3371,28.1966,6.45
23 Leo,147.7583,13.0662,6.45
24 Sex,155.8682,-0.9022,6.45
Formosa,173.7657,20.4415,6.45
96 Vir,212.2525,-10.3345,6.45
14 Aqr,319.0741,-9.2147,6.45
13 PsA,331.0993,-29.9165,6.45
28 Peg,332.6258,20.978,6.45
6 Aur,75.0967,39.6547,6.46
ψ⁸ Aur,103.4878,38.505,6.46
24 LMi,154.117,28.6825,6.46
17 Vir,185.6335,5.3054,6.46
30 Lib,230.7574,-15.134,6.46
16 Cas,8.6037,66.7504,6.47
Mira,34.8366,-2.9776,6.47
26 Tau,57.2372,23.8571,6.47
32 Gem,101.4758,12.6936,6.47
22 LMi,153.7764,31.4681,6.47
28 Com,192.0597,13.553,6.47
23 Lib,228.3696,-25.3093,6.47
52 Oph,263.8271,-22.0438,6.47
15 Psc,353.8691,1.3131,6.47
43 Psc,6.159,14.3155,6.48
30 Ari,39.2522,24.6472,6.48
39 Cam,92.8068,60.4535,6.48
34 Cnc,128.1661,10.066,6.48
64 Leo,166.9154,23.3238,6.48
χ³ For,52.048,-35.8534,6.49
14 Cam,78.3803,62.6911,6.49
18 Aur,79.8489,33.9854,6.49
π¹ Cnc,138.0732,14.996,6.49
29 LMi,156.4372,35.4254,6.49
83 Leo,171.6888,3.0131,6.49
57 Aql,298.6586,-8.237,6.49
43 Cet,20.6451,-0.4497,6.5
9 Mon,96.7536,-4.3557,6.5
49 Cam,116.6143,62.8305,6.5
